TrackID,Cell_Type,Frames,Duration_min,Start_X_um,Start_Y_um,End_X_um,End_Y_um,Total_Distance_um,Displacement_um,CDE,Avg_Velocity_um_min,Max_Velocity_um_min,Std_Velocity_um_min,Persistence,Final_Angle_deg,Angular_Std_deg,MSD_10,MSD_20,Dataset,Sequence,Cell_Line,Color
21,Cell,73,72.0,236.0,404.0,283.0,453.0,172.99360980751845,67.89698078707183,0.3924825943722284,2.402689025104423,20.0,4.511142431903992,0.7093639595684365,46.19348942398204,40.29729526198933,236.18723718739463,618.2251707589197,DIC-C2DH-HeLa,01,HeLa,#dc3cbe
23,Cell,66,65.0,298.0,319.0,310.0,311.0,732.928902220692,14.422205101855956,0.0196774953998379,11.27582926493372,42.72001872658765,10.202807564114082,0.1212616888990526,-33.690067525979785,99.63383020331528,687.701499752752,1049.887949179065,DIC-C2DH-HeLa,01,HeLa,#dc3cbe
32,Cell,64,63.0,284.0,54.0,304.0,58.0,173.32107321424706,20.396078054371134,0.1176780046195477,2.75112814625789,25.0,5.210141997791743,0.4942350408693138,11.309932474020211,46.710647901130976,195.5,506.59090909090907,DIC-C2DH-HeLa,01,HeLa,#dc3cbe
16,Cell,62,61.0,73.0,354.0,44.0,357.0,96.28274889685198,29.154759474226505,0.3028035635486487,1.5784057196205243,17.11724276862369,3.9547165417072327,0.7383745575481676,174.0938588862295,47.4135856062502,121.03846153846152,147.73809523809524,DIC-C2DH-HeLa,01,HeLa,#dc3cbe
18,Cell,62,61.0,103.0,420.0,130.0,445.0,97.32410955544638,36.7967389859482,0.378084517331081,1.5954772058269897,18.24828759089466,3.9353830018096594,0.8629217295909922,42.797401838234194,26.56236369574845,168.5721153846154,381.1488095238095,DIC-C2DH-HeLa,01,HeLa,#dc3cbe
11,Cell,62,61.0,315.0,213.0,336.0,175.0,554.8932880870568,43.41658669218482,0.0782431282271578,9.096611280115685,31.144823004794876,9.443213138043957,0.2373454560918032,-61.0735741647464,80.82234978193576,1203.3950619383795,1600.1559181445414,DIC-C2DH-HeLa,01,HeLa,#dc3cbe
27,Cell,60,59.0,419.0,297.0,439.0,293.0,299.21905285358787,20.396078054371134,0.0681643694138395,5.071509370399794,28.30194339616981,7.17281564180837,0.2897698777179254,-11.309932474020211,63.384389010336434,221.31,283.725,DIC-C2DH-HeLa,01,HeLa,#dc3cbe
4,Cell,54,53.0,124.0,195.0,50.0,184.0,135.64959064050498,74.81310045707235,0.551517333033021,2.559426238500094,17.88854381999832,4.347662305004438,0.3233394776738763,-171.54497232282256,76.25772887468376,306.6363636363636,600.6764705882352,DIC-C2DH-HeLa,01,HeLa,#dc3cbe
3,Cell,54,53.0,200.0,200.0,196.0,176.0,108.14378959718458,24.33105012119288,0.2249879554972273,2.0404488603242377,21.93171219946131,5.528379829818239,0.7539032495556115,-99.46232220802564,32.82763846853384,77.30681818181819,77.5220588235294,DIC-C2DH-HeLa,01,HeLa,#dc3cbe
8,Cell,48,47.0,130.0,331.0,94.0,323.0,100.20020422907224,36.87817782917155,0.3680449367634288,2.1319192389164305,20.0,4.9655863720523925,0.680895332756241,-167.47119229084848,44.02946462134372,208.375,363.6517857142857,DIC-C2DH-HeLa,01,HeLa,#dc3cbe
10,Cell,48,47.0,194.0,274.0,193.0,312.0,90.23171029379786,38.01315561749642,0.4212837758890322,1.919823623272295,29.004310024546356,5.526090979240641,0.7201143167417396,91.50743575877496,56.64753973509638,186.19736842105263,247.26785714285717,DIC-C2DH-HeLa,01,HeLa,#dc3cbe
22,Cell,46,45.0,172.0,429.0,211.0,461.0,181.31327169789571,50.44799302251776,0.2782366263103686,4.029183815508794,15.890248582070704,4.235971619194323,0.2936912812268902,39.36931724236474,75.64876697972733,333.0625,730.9038461538462,DIC-C2DH-HeLa,01,HeLa,#dc3cbe
7,Cell,36,35.0,159.0,295.0,164.0,304.0,11.486832980505138,10.295630140987,0.8962984104026075,0.3281952280144325,9.486832980505138,1.6056158251657962,0.9597781038833434,60.94539590092286,11.270742606222578,35.07692307692308,62.625,DIC-C2DH-HeLa,01,HeLa,#dc3cbe
34,Cell,34,33.0,454.0,58.0,457.0,61.0,182.0882226638772,4.242640687119285,0.0232999181663216,5.517824929208399,19.92485884517128,4.873456447694595,0.0061206233639582,45.0,89.136894640212,49.13541666666666,60.44642857142857,DIC-C2DH-HeLa,01,HeLa,#dc3cbe
1,Cell,30,29.0,154.0,195.0,159.0,201.0,9.019764837837084,7.810249675906654,0.8659039139405692,0.3110263737185201,3.605551275463989,0.7920861858951903,0.8599397911088851,50.19442890773481,23.08645477629004,10.25,31.3,DIC-C2DH-HeLa,01,HeLa,#dc3cbe
28,Cell,24,23.0,434.0,352.0,419.0,384.0,94.13249905697649,35.34119409414458,0.3754409417384455,4.092717350303326,18.788294228055936,6.351111809145328,0.3360116827104943,115.11483488614456,59.846077337570186,322.6428571428572,914.5,DIC-C2DH-HeLa,01,HeLa,#dc3cbe
30,Cell,24,23.0,441.0,280.0,455.0,276.0,159.02245119931024,14.560219778561036,0.0915607806869486,6.914019617361316,25.29822128134704,7.985929967569618,0.3497317661058654,-15.945395900922856,63.29423253938179,256.83457465277786,199.75,DIC-C2DH-HeLa,01,HeLa,#dc3cbe
15,Cell,22,21.0,71.0,375.0,71.0,375.0,0.0,0.0,0.0,0.0,0.0,0.0,1.0,0.0,-0.0,0.0,0.0,DIC-C2DH-HeLa,01,HeLa,#dc3cbe
14,Cell,22,21.0,328.0,129.0,353.5,117.0,290.162264072565,28.182441342083905,0.0971264869060848,13.817250670122142,36.87817782917155,10.641350751844012,0.2069201349555018,-25.201123645475075,105.26364996519588,561.6666666666666,536.0,DIC-C2DH-HeLa,01,HeLa,#dc3cbe
36,Cell,20,19.0,269.0,59.0,261.0,83.0,56.90141132435439,25.29822128134704,0.4445974307586135,2.994811122334441,11.0,3.321310937196625,0.2461984968108687,108.434948822922,69.9991807649251,410.1,,DIC-C2DH-HeLa,01,HeLa,#dc3cbe
39,Cell,19,18.0,174.0,52.0,165.0,63.0,134.60686168958517,14.212670403551895,0.1055865223002339,7.4781589827547315,14.0356688476182,3.187549460318704,-0.5397131654297482,129.2894068625004,126.16796450855942,126.13888888888889,,DIC-C2DH-HeLa,01,HeLa,#dc3cbe
24,Cell,18,17.0,288.0,347.0,307.0,358.0,107.9827960088528,21.95449840010015,0.2033147798682694,6.351929176991341,20.024984394500787,6.528673982194257,0.2631104484569161,30.06858282186245,84.86504750942645,186.21875,,DIC-C2DH-HeLa,01,HeLa,#dc3cbe
26,Cell,18,17.0,320.0,293.0,278.0,261.0,267.25510404925365,52.80151512977634,0.1975697164610383,15.720888473485513,44.04543109109048,11.981633776625436,0.1296377836758621,-142.69605172201656,107.226672616239,1086.125,,DIC-C2DH-HeLa,01,HeLa,#dc3cbe
56,Cell,13,12.0,447.0,54.0,454.0,50.0,160.25391215075533,8.06225774829855,0.0503092725793437,13.35449267922961,42.72001872658765,12.499634339201128,-0.1899906445593946,-29.744881296942225,132.69314215594994,596.6666666666666,,DIC-C2DH-HeLa,01,HeLa,#dc3cbe
19,Cell,11,10.0,191.0,417.0,191.0,417.0,0.0,0.0,0.0,0.0,0.0,0.0,1.0,0.0,-0.0,0.0,,DIC-C2DH-HeLa,01,HeLa,#dc3cbe
6,Cell,8,7.0,456.0,126.0,460.0,109.0,68.32617980871083,17.46424919657298,0.2556011362769981,9.760882829815833,20.8806130178211,6.913508151006623,0.2993347676075124,-76.75948008481281,117.17531640465846,,,DIC-C2DH-HeLa,01,HeLa,#dc3cbe
54,Cell,8,7.0,418.0,55.0,438.0,70.0,61.23600180740499,25.0,0.4082565690462316,8.748000258200713,27.073972741361768,8.728503720386788,0.5619331221256693,36.86989764584402,80.43500404765255,,,DIC-C2DH-HeLa,01,HeLa,#dc3cbe
40,Cell,7,6.0,234.0,52.0,214.0,54.0,33.748130154266306,20.09975124224178,0.5955811818421842,5.624688359044384,12.649110640673518,4.362286961021394,0.0410458478304448,174.28940686250036,62.36400156149398,,,DIC-C2DH-HeLa,01,HeLa,#dc3cbe
38,Cell,5,4.0,423.0,52.0,436.0,53.0,41.991347431748586,13.038404810405298,0.3105021774211344,10.497836857937148,16.1245154965971,4.92903857807345,0.1016673677778308,4.398705354995532,104.92593950827415,,,DIC-C2DH-HeLa,01,HeLa,#dc3cbe
35,Cell,4,3.0,335.0,49.0,323.0,54.0,27.449070816933855,13.0,0.4736043739586278,9.149690272311286,16.1245154965971,4.961501915156897,-0.2965136429118256,157.38013505195957,114.18643275065736,,,DIC-C2DH-HeLa,01,HeLa,#dc3cbe
41,Cell,2,1.0,234.0,48.0,221.0,46.0,13.152946437965904,13.152946437965904,1.0,13.152946437965904,13.152946437965904,0.0,,-171.2538377374448,8.537736462515939e-07,,,DIC-C2DH-HeLa,01,HeLa,#dc3cbe
12,Cell,22,21.0,337.0,192.0,377.0,203.5,328.79442326315706,41.62030754331352,0.1265845908523876,15.656877298245576,64.67031776634471,16.116918142453272,0.2825801852993466,16.039943306049665,65.08222719427515,1260.8541666666667,1761.375,DIC-C2DH-HeLa,01,HeLa,#dc3cbe
5,Cell,69,68.0,322.0,147.0,454.5,111.0,698.6714869818818,137.3034959496662,0.1965208234599486,10.274580690910026,46.09772228646444,11.16283617924011,0.3023108029321257,-15.200220176728276,83.45682588759739,2275.38053259217,3987.066244952567,DIC-C2DH-HeLa,01,HeLa,#dc3cbe
22,Cell,84,83.0,416.0,348.0,437.0,332.0,341.1373371152318,26.40075756488817,0.0773904075940252,4.110088398978696,27.115493725912497,5.811052429422855,0.291198487344696,-37.30394827798343,83.7500411658556,467.1191286745243,791.9555015115502,DIC-C2DH-HeLa,02,HeLa,#dc3cbe
9,Cell,78,77.0,249.0,341.0,218.0,339.0,317.7115728621916,31.064449134018133,0.0977756298083999,4.126124322885604,22.47220505424423,5.57771496219881,0.3209487665442535,-176.30861401354872,69.23644635338239,215.76090199665632,430.4516929062846,DIC-C2DH-HeLa,02,HeLa,#dc3cbe
26,Cell,74,73.0,206.0,458.0,117.0,462.0,337.7895295840728,89.08984229416954,0.2637436465359589,4.627253829918804,22.20360331117452,5.792013993689138,0.21747398131185,177.42664053682316,92.49837043428168,586.41796875,1862.3657407407409,DIC-C2DH-HeLa,02,HeLa,#dc3cbe
18,Cell,60,59.0,389.0,169.0,415.0,116.0,129.6080083750436,59.033888572581766,0.4554802539805782,2.1967459046617552,19.0,4.163571108976566,0.7225967119546578,-63.86899945506142,45.62869327343607,296.785,576.10625,DIC-C2DH-HeLa,02,HeLa,#dc3cbe
44,Cell,58,57.0,92.0,59.0,108.0,60.0,80.85607176130118,16.0312195418814,0.1982685924837887,1.4185275747596702,20.248456731316587,3.667885150229164,0.6374068958443774,3.5763343749973515,49.78543786798945,160.0533904282153,359.0876287748595,DIC-C2DH-HeLa,02,HeLa,#dc3cbe
45,Cell,55,54.0,43.0,75.0,57.0,94.0,158.9969513182055,23.600847442411894,0.1484358489061767,2.9443879873741765,27.018512172212592,5.3504089260637775,0.487013426397531,53.61564818416411,60.85882560978334,150.18333333333334,140.57142857142858,DIC-C2DH-HeLa,02,HeLa,#dc3cbe
1,Cell,49,48.0,193.0,199.0,170.0,187.0,116.29736446360413,25.942243542145693,0.2230681981642366,2.4228617596584194,18.0,4.388229592257694,0.3544183924641563,-152.44718842328223,60.08013755120289,246.89783967499503,610.0787300117032,DIC-C2DH-HeLa,02,HeLa,#dc3cbe
16,Cell,38,37.0,378.0,167.0,395.0,146.0,161.87467812118095,27.018512172212592,0.1669100595955241,4.374991300572458,18.867962264113206,5.230825792147757,0.2416649256785199,-51.00900595749453,70.4529624869441,508.2482063660794,1128.2535818661515,DIC-C2DH-HeLa,02,HeLa,#dc3cbe
4,Cell,35,34.0,215.0,185.0,188.0,193.0,123.27964766495344,28.16025568065745,0.2284258287076771,3.6258719901456895,24.04163056034261,5.699596937701245,0.4606323646140864,163.49563861824498,70.04726525655212,243.29,445.35,DIC-C2DH-HeLa,02,HeLa,#dc3cbe
8,Cell,30,29.0,131.0,282.0,121.0,295.0,237.3123908225011,16.401219466856727,0.0691123603365662,8.183185890431073,31.827660925679098,8.50528801020609,0.3645369379307552,127.56859202882752,92.6431909572955,1054.3918730612245,643.1603175510203,DIC-C2DH-HeLa,02,HeLa,#dc3cbe
6,Cell,30,29.0,65.0,306.0,55.0,343.0,490.1404624208376,38.3275357934736,0.0781970449943497,16.90139525589095,55.03635162326805,16.05855912473991,0.0021880398376612,105.12400730831057,120.200183526942,1196.2625,808.225,DIC-C2DH-HeLa,02,HeLa,#dc3cbe
28,Cell,26,25.0,76.0,70.0,87.0,71.0,65.39456281963122,11.04536101718726,0.1689033543607005,2.6157825127852488,20.12461179749811,5.881979415622508,0.7662948526890064,5.194428907734806,38.54161550829542,286.125,407.0,DIC-C2DH-HeLa,02,HeLa,#dc3cbe
32,Cell,24,23.0,167.0,51.0,156.0,55.0,146.251023901323,11.704699910719626,0.0800315758378341,6.35874016962274,15.20690632574555,4.520618173725524,-0.1871267876636358,160.01689347810003,131.3956086708061,103.53571428571428,248.625,DIC-C2DH-HeLa,02,HeLa,#dc3cbe
35,Cell,19,18.0,224.0,53.0,226.0,48.0,193.90946053695063,5.385164807134504,0.0277715424106825,10.772747807608368,22.02271554554524,4.790397131101876,-0.3125681390169448,-68.19859051364818,141.85277261211476,303.8611111111111,,DIC-C2DH-HeLa,02,HeLa,#dc3cbe
25,Cell,15,14.0,329.5,417.0,345.0,441.0,53.49596187965671,28.570089254323307,0.5340606701977604,3.8211401342611935,15.945218719101977,5.472884020597348,0.4912592855110831,57.144278049567006,49.07438663174122,183.05,,DIC-C2DH-HeLa,02,HeLa,#dc3cbe
24,Cell,15,14.0,249.0,420.0,253.0,450.0,58.14835680755717,30.265491900843116,0.5204874834383918,4.153454057682655,17.613914953808536,5.885718013426793,0.0552030751473248,82.40535663140855,98.97135973387768,367.65,,DIC-C2DH-HeLa,02,HeLa,#dc3cbe
20,Cell,13,12.0,451.0,114.0,465.0,69.0,118.8087438251378,47.12748667179272,0.3966668205932279,9.900728652094818,17.72004514666935,4.934629890639087,0.1753021510433017,-72.71850162818336,76.25683998619813,1833.0833333333333,,DIC-C2DH-HeLa,02,HeLa,#dc3cbe
11,Cell,6,5.0,205.0,401.0,201.0,369.0,33.211102550927976,32.2490309931942,0.97103162846646,6.642220510185595,26.0,10.073773210375036,0.5693375245281536,-97.1250163489018,56.864688771116505,,,DIC-C2DH-HeLa,02,HeLa,#dc3cbe
12,Cell,6,5.0,226.0,318.0,294.0,263.0,92.42204085955665,87.45856161634491,0.9462955027063928,18.484408171911326,28.178005607210743,10.204246887163094,0.8407495695896293,-38.9667469937993,26.69237397751392,,,DIC-C2DH-HeLa,02,HeLa,#dc3cbe
42,Cell,5,4.0,166.0,49.0,169.0,48.0,57.000880722433536,3.1622776601683795,0.0554776982406136,14.250220180608384,27.721832551258224,10.206920436849774,-0.7417871691758533,-18.43494882292201,82.79520695828366,,,DIC-C2DH-HeLa,02,HeLa,#dc3cbe
21,Cell,4,3.0,465.0,99.0,461.0,100.0,5.0,4.123105625617661,0.8246211251235321,1.6666666666666667,4.0,1.699673171197595,-0.4999999999999999,165.96375653207352,84.92975211833135,,,DIC-C2DH-HeLa,02,HeLa,#dc3cbe
27,Cell,4,3.0,110.0,461.0,118.0,458.0,8.54400374531753,8.54400374531753,1.0,2.848001248439177,8.54400374531753,4.027681991198191,0.9363291775690444,-20.556045219583464,9.70757801081927,,,DIC-C2DH-HeLa,02,HeLa,#dc3cbe
43,Cell,2,1.0,43.0,69.0,47.0,78.0,9.848857801796104,9.848857801796104,1.0,9.848857801796104,9.848857801796104,0.0,,66.03751102542182,-0.0,,,DIC-C2DH-HeLa,02,HeLa,#dc3cbe
34,Cell,2,1.0,182.0,50.0,171.0,49.0,11.04536101718726,11.04536101718726,1.0,11.04536101718726,11.04536101718726,0.0,,-174.80557109226518,-0.0,,,DIC-C2DH-HeLa,02,HeLa,#dc3cbe
41,Cell,2,1.0,453.0,211.0,458.0,197.0,14.866068747318506,14.866068747318506,1.0,14.866068747318506,14.866068747318506,0.0,,-70.3461759419467,-0.0,,,DIC-C2DH-HeLa,02,HeLa,#dc3cbe
23,Cell,69,68.0,350.0,422.0,276.0,413.0,142.49711099338666,74.54528824815154,0.5231354357184912,2.095545749902745,40.02811511925087,6.422412864996824,0.4771043572549024,-173.06565109873043,53.99720546804753,319.6208772424074,835.4002098453794,DIC-C2DH-HeLa,02,HeLa,#dc3cbe
5,Cell,54,53.0,156.0,285.0,108.0,285.0,277.6985564323913,48.0,0.1728492960736226,5.239595404384741,45.5411901469428,8.432833315926466,0.3184019895261757,180.0,62.65452168143733,548.1761363636364,1002.0441176470588,DIC-C2DH-HeLa,02,HeLa,#dc3cbe
13,Cell,46,45.0,321.0,235.0,364.0,182.0,72.86712488842241,68.24954212300622,0.9366300952248788,1.6192694419649425,40.311288741492746,6.174334856384369,0.8292863707614934,-50.9468630539735,26.408983395754824,221.67361111111111,520.0865384615385,DIC-C2DH-HeLa,02,HeLa,#dc3cbe
17,Cell,38,37.0,304.5,219.0,344.0,213.0,296.745700374932,39.95309750194596,0.1346374941623957,8.02015406418735,46.32493928760188,9.402660852379285,0.243505157856124,-8.637131415070755,89.57897031718498,727.1107875723203,839.2780333613108,DIC-C2DH-HeLa,02,HeLa,#dc3cbe
2,Cell,35,34.0,135.0,171.0,91.0,185.0,182.9131260026896,46.17358552246078,0.2524345110245496,5.379797823608517,35.9500740512847,8.196658266770184,0.2453529437937326,162.34987578006988,83.71597109105895,777.9331337770319,1475.596133000759,DIC-C2DH-HeLa,02,HeLa,#dc3cbe
36,Cell,30,29.0,221.0,53.0,213.0,50.0,235.0600889988986,8.54400374531753,0.0363481685968287,8.105520310306849,49.09175083453431,9.325929138284648,-0.4031484183767539,-159.44395478041653,91.96834097555542,234.1625,441.925,DIC-C2DH-HeLa,02,HeLa,#dc3cbe
19,Cell,24,23.0,382.0,144.5,404.0,62.0,159.23403839528777,85.38296082943013,0.536210484202333,6.923219060664685,31.32091952673165,9.435911675211727,0.3640360554169772,-75.06858282186246,68.90818356496324,947.9642857142856,4056.125,DIC-C2DH-HeLa,02,HeLa,#dc3cbe
3,Cell,30,29.0,597.0,208.0,610.5,205.5,31.3915609742592,13.729530217745982,0.4373637306218723,1.082467619802041,5.0,1.3067418248864957,0.4118154623220282,-10.4914770123316,60.33457344086669,87.6375,145.975,Fluo-C2DL-Huh7,01,Huh7,#2db95f
13,Cell,30,29.0,555.0,693.0,558.0,699.0,6.708203932499369,6.708203932499369,1.0,0.2313173769827368,6.708203932499369,1.2240165068481963,0.9605152568214256,63.43494882292201,11.095744581227745,4.5,9.0,Fluo-C2DL-Huh7,01,Huh7,#2db95f
21,Cell,30,29.0,60.0,940.0,67.0,936.0,55.21181130375807,8.06225774829855,0.1460241487811826,1.903855562198554,7.071067811865476,2.16464288645306,0.3652959239511644,-29.744881296942225,63.84548902073489,29.85,18.3,Fluo-C2DL-Huh7,01,Huh7,#2db95f
23,Cell,30,29.0,830.0,929.0,824.0,935.0,52.35607858374759,8.48528137423857,0.1620686958184942,1.805382020129227,7.615773105863909,2.501566937082527,0.4269130199689623,135.0,63.99199847341159,150.35,195.3,Fluo-C2DL-Huh7,01,Huh7,#2db95f
20,Cell,30,29.0,91.0,900.0,103.0,884.0,36.13297709683682,20.0,0.5535109920890204,1.2459647274771315,7.810249675906654,2.2512799810452835,0.6612957754555643,-53.13010235415598,41.28128746872123,132.55,312.1,Fluo-C2DL-Huh7,01,Huh7,#2db95f
12,Cell,30,29.0,507.0,785.5,494.0,786.0,14.5,13.009611831257688,0.8972146090522544,0.5,8.0,1.6081688022566922,0.5357142857142857,177.7974018382342,46.03482468166845,54.7125,136.625,Fluo-C2DL-Huh7,01,Huh7,#2db95f
5,Cell,30,29.0,510.0,364.0,505.0,343.0,45.32759768161251,21.587033144922906,0.4762448099842681,1.5630206097107762,8.246211251235321,2.646741852861424,0.4564756077164801,-103.3924977537511,51.3761882616592,146.65,466.3,Fluo-C2DL-Huh7,01,Huh7,#2db95f
6,Cell,30,29.0,587.0,350.0,588.0,341.0,31.22724225124509,9.055385138137416,0.2899835043158946,1.076801456939486,8.54400374531753,2.21573106210442,0.604286557511147,-83.6598082540901,40.84970468348212,20.9,52.0,Fluo-C2DL-Huh7,01,Huh7,#2db95f
15,Cell,30,29.0,642.0,615.0,682.0,608.0,55.05982897770195,40.60788100849391,0.7375228322074743,1.89861479233455,9.0,2.879550936251409,0.7194915141751471,-9.926245506651703,37.58112905773866,308.55,1036.3,Fluo-C2DL-Huh7,01,Huh7,#2db95f
36,Cell,30,29.0,867.0,185.0,845.0,173.0,51.11635545921092,25.059928172283332,0.4902526392414711,1.7626329468693418,9.219544457292889,2.599075616469814,0.3392511295388188,-151.3895403340348,66.097364289585,128.85,376.1,Fluo-C2DL-Huh7,01,Huh7,#2db95f
27,Cell,30,29.0,1013.0,694.0,964.0,680.0,96.55245611006072,50.96076922496363,0.5278039656171267,3.329395038277956,9.433981132056603,2.2363666013518104,0.1477082646606982,-164.05460409907712,80.2709400604372,514.2125,1660.125,Fluo-C2DL-Huh7,01,Huh7,#2db95f
14,Cell,30,29.0,602.0,728.0,616.0,730.0,22.882456112707374,14.142135623730953,0.6180339887498948,0.7890502107830129,9.486832980505138,2.363111575145664,0.9111389457045512,8.13010235415598,16.95080521366508,41.0,126.0,Fluo-C2DL-Huh7,01,Huh7,#2db95f
18,Cell,30,29.0,776.0,793.0,731.0,801.0,87.81878726014179,45.70557952810576,0.5204533215963698,3.028234043453165,10.198039027185567,3.1462301402333352,0.0372402732422093,169.9194020124577,115.21259930469954,562.15,1625.5,Fluo-C2DL-Huh7,01,Huh7,#2db95f
19,Cell,30,29.0,804.0,824.0,810.0,837.0,52.83987570646852,14.317821063276352,0.2709662139028007,1.8220646795333968,10.198039027185567,2.780612242209958,0.3880825371174002,65.22485943116808,60.37733616783298,180.275,166.8,Fluo-C2DL-Huh7,01,Huh7,#2db95f
37,Cell,30,29.0,821.0,170.0,800.0,149.0,83.34734507969038,29.698484809834994,0.3563219054120988,2.8740463820582898,11.40175425099138,2.938776806413782,0.001764303352615,-135.0,93.0655783165591,252.8,731.4,Fluo-C2DL-Huh7,01,Huh7,#2db95f
8,Cell,30,29.0,571.0,449.0,589.0,449.0,49.65439499429465,18.0,0.362505675521134,1.712220517044643,11.884864324004711,3.256191588287162,0.7346092759509398,0.0,37.5305811687669,301.775,364.9,Fluo-C2DL-Huh7,01,Huh7,#2db95f
7,Cell,30,29.0,650.0,396.0,664.0,424.0,38.62217386896796,31.304951684997057,0.8105434922229968,1.3317990989299295,12.041594578792296,3.20593750688008,0.7264907955657633,63.43494882292201,35.800679881037574,121.475,341.5,Fluo-C2DL-Huh7,01,Huh7,#2db95f
11,Cell,30,29.0,432.0,708.0,429.0,694.0,44.55149701123097,14.317821063276352,0.3213768789782076,1.5362585176286547,12.36931687685298,3.187028576326819,0.5424891171706987,-102.09475707701212,42.04531642154812,102.9,126.6,Fluo-C2DL-Huh7,01,Huh7,#2db95f
26,Cell,30,29.0,967.0,717.0,951.0,744.0,34.93667439299411,31.38470965295043,0.898331343730989,1.204712910103245,13.038404810405298,2.8571423389492177,0.4781709498430334,120.65066795705286,60.42705263959289,144.72556069725977,454.5,Fluo-C2DL-Huh7,01,Huh7,#2db95f
10,Cell,30,29.0,437.0,588.0,421.0,594.0,29.436172702835822,17.08800749063506,0.5805105053276453,1.0150404380288214,13.41640786499874,2.691756857171868,0.4536749777927661,159.44395478041653,47.26777753581894,37.05,99.1,Fluo-C2DL-Huh7,01,Huh7,#2db95f
22,Cell,30,29.0,564.0,965.0,574.0,965.0,39.10883946276101,10.0,0.2556966695348218,1.3485806711296902,14.0356688476182,2.978419941154905,0.5847652780391124,0.0,44.74797450578235,55.75,64.5,Fluo-C2DL-Huh7,01,Huh7,#2db95f
1,Cell,30,29.0,242.0,281.0,287.0,266.0,69.49370658117937,47.43416490252569,0.6825677782363683,2.3963347096958403,14.866068747318506,4.093602320585984,0.5468669484994654,-18.43494882292201,43.6913742072721,443.2125,912.425,Fluo-C2DL-Huh7,01,Huh7,#2db95f
16,Cell,30,29.0,725.0,584.0,743.0,605.0,48.0141225513253,27.65863337187866,0.5760520426529219,1.6556593983215622,14.866068747318506,3.6175099396748087,0.755275854747503,49.39870535499554,31.37897613065888,158.4,434.4,Fluo-C2DL-Huh7,01,Huh7,#2db95f
24,Cell,30,29.0,917.0,909.0,918.0,913.0,69.56653139373005,4.123105625617661,0.0592685238578571,2.3988459101286224,15.132745950421556,3.361140050249352,0.3948703184123819,75.96375653207353,65.72269393741652,336.9,237.7,Fluo-C2DL-Huh7,01,Huh7,#2db95f
9,Cell,30,29.0,485.0,485.0,479.0,486.0,99.4107759634553,6.082762530298219,0.0611881606530696,3.427957791843286,15.297058540778355,4.919127683673225,0.4423059626766624,170.5376777919744,67.15050135611587,160.83253230917632,273.2,Fluo-C2DL-Huh7,01,Huh7,#2db95f
4,Cell,30,29.0,416.0,358.0,387.0,389.0,65.35197110326183,42.44997055358225,0.6495591462192867,2.253516244940063,16.76305461424021,4.202157786165143,0.2364021675427877,133.0908475670036,75.69587973527811,468.3317405366799,1315.0437841036628,Fluo-C2DL-Huh7,01,Huh7,#2db95f
25,Cell,30,29.0,944.0,829.0,944.0,862.0,78.73358483940528,33.0,0.4191349862617187,2.714951201358802,19.026297590440446,4.762432583477841,0.5291775490019547,90.0,54.87149657386913,334.7625,958.225,Fluo-C2DL-Huh7,01,Huh7,#2db95f
17,Cell,30,29.0,701.0,714.0,732.0,690.0,128.6964118121393,39.20459156782532,0.3046284742192582,4.437807303866872,21.93171219946131,5.757663929056014,0.3812728722819751,-37.74680538727467,63.034874202965696,1029.1125,2444.325,Fluo-C2DL-Huh7,01,Huh7,#2db95f
32,Cell,26,25.0,759.0,722.0,770.0,721.0,24.988876885507977,11.04536101718726,0.4420111022913917,0.9995550754203192,6.082762530298219,1.5623346796386106,0.652495708504767,-5.194428907734806,46.28819649989296,81.25,157.66666666666666,Fluo-C2DL-Huh7,01,Huh7,#2db95f
34,Cell,26,25.0,783.0,720.0,838.0,707.0,88.21402262847711,56.51548460377917,0.6406632746111153,3.5285609051390856,21.02379604162864,4.528714821969258,0.5945493913462331,-13.29857033049428,52.5654942527175,1187.1875,2961.6666666666665,Fluo-C2DL-Huh7,01,Huh7,#2db95f
29,Cell,15,14.0,982.0,492.0,1001.0,462.0,129.72699993303894,35.510561809129406,0.2737330072186889,9.266214280931353,17.46424919657298,5.174952177819711,0.2287685443164971,-57.65255650055797,112.13308572047065,2614.0,,Fluo-C2DL-Huh7,01,Huh7,#2db95f
31,Cell,4,3.0,820.0,739.0,788.0,733.0,55.20990048238397,32.55764119219941,0.589706572693202,18.403300160794657,29.8328677803526,8.081988814128326,0.200392354252565,-169.38034472384487,69.17544856431691,,,Fluo-C2DL-Huh7,01,Huh7,#2db95f
2,Cell,30,29.0,520.0,266.0,500.0,270.0,158.51244948153794,20.396078054371134,0.1286717738643404,5.465946533846136,30.886890422961,7.152823882015655,0.3316157116148438,168.6900675259798,98.82216352091405,2235.963053667993,948.8689356188142,Fluo-C2DL-Huh7,01,Huh7,#2db95f
28,Cell,10,9.0,942.0,542.0,977.0,507.0,66.70118302311356,49.49747468305833,0.7420779128596006,7.411242558123728,37.48332962798263,12.515152388213709,0.5688021830979468,-45.0,42.88374347505484,,,Fluo-C2DL-Huh7,01,Huh7,#2db95f
6,Cell,30,29.0,191.0,431.0,191.0,431.0,0.0,0.0,0.0,0.0,0.0,0.0,1.0,0.0,-0.0,0.0,0.0,Fluo-C2DL-Huh7,02,Huh7,#2db95f
2,Cell,30,29.0,86.0,155.0,86.0,148.0,7.0,7.0,1.0,0.2413793103448276,3.0,0.7265968105415682,0.8928571428571429,-90.0,25.952700090005827,12.1,27.4,Fluo-C2DL-Huh7,02,Huh7,#2db95f
19,Cell,30,29.0,658.0,615.0,655.0,612.0,12.70769398501966,4.242640687119285,0.3338639325215636,0.4381963443110227,3.1622776601683795,0.8079675426892792,0.4425924426084348,-135.0,51.289735336409024,3.5125,6.925,Fluo-C2DL-Huh7,02,Huh7,#2db95f
73,Cell,30,29.0,480.0,905.0,478.0,908.0,36.68708871008111,3.605551275463989,0.0982784789481873,1.2650720244855556,3.605551275463989,1.0270176175008494,0.4080446036276907,123.6900675259798,85.63872365304853,66.65,69.5,Fluo-C2DL-Huh7,02,Huh7,#2db95f
60,Cell,30,29.0,681.0,710.0,673.0,706.0,42.23622790540469,8.94427190999916,0.2117677726815803,1.4564216519105069,4.123105625617661,1.181557172191264,0.2118179517822263,-153.43494882292202,104.33352317393096,12.7,20.0,Fluo-C2DL-Huh7,02,Huh7,#2db95f
72,Cell,30,29.0,478.0,883.0,486.0,883.0,55.76814879144218,8.0,0.1434510589533434,1.923039613498006,4.123105625617661,1.1854817251984562,0.0271169946937731,0.0,98.93475804060944,89.05,135.1,Fluo-C2DL-Huh7,02,Huh7,#2db95f
63,Cell,30,29.0,700.0,804.0,701.0,802.0,50.71611097768999,2.23606797749979,0.0440898944022627,1.748831413023793,4.242640687119285,1.2360402846885403,-0.0109711568981779,-63.43494882292201,96.4087791485278,7.75,9.1,Fluo-C2DL-Huh7,02,Huh7,#2db95f
66,Cell,30,29.0,725.0,974.0,740.0,965.0,52.4625102502924,17.4928556845359,0.3334353541429788,1.8090520775962895,4.47213595499958,1.1309530133810075,0.3101555419656511,-30.96375653207352,85.7606882102023,40.5,130.0,Fluo-C2DL-Huh7,02,Huh7,#2db95f
1,Cell,30,29.0,132.0,70.0,142.0,67.0,10.99070478491457,10.44030650891055,0.949921475758363,0.3789898201694679,5.0,1.157205831690097,0.9754135770883616,-16.69924423399362,8.614614026383416,21.0,71.6,Fluo-C2DL-Huh7,02,Huh7,#2db95f
16,Cell,30,29.0,498.0,588.0,490.0,565.0,44.5040213403814,24.35159132377184,0.5471773244382313,1.5346214255303932,5.385164807134504,1.6938344108375962,0.1583569974325231,-109.17900802581072,84.55587099059287,74.225,237.4,Fluo-C2DL-Huh7,02,Huh7,#2db95f
54,Cell,30,29.0,300.0,985.5,292.0,985.0,43.07580090739162,8.0156097709407,0.1860815028877444,1.48537244508247,5.830951894845301,1.7347005334549923,0.0333280784106951,-176.42366562500266,97.4016095171256,31.8125,12.625,Fluo-C2DL-Huh7,02,Huh7,#2db95f
4,Cell,30,29.0,180.0,316.0,171.0,315.0,9.16227766016838,9.055385138137416,0.9883334116258382,0.3159406089713234,6.0,1.2191753065718451,0.7179511929963918,-173.6598082540901,30.99164407268696,20.0,54.4,Fluo-C2DL-Huh7,02,Huh7,#2db95f
65,Cell,30,29.0,845.0,909.0,856.0,897.0,76.25971198078663,16.278820596099706,0.2134655399721559,2.6296452407167803,6.082762530298219,1.785613111465542,0.0364458683868541,-47.48955292199916,90.62495399153234,108.7,149.0,Fluo-C2DL-Huh7,02,Huh7,#2db95f
53,Cell,30,29.0,18.0,983.0,37.0,974.0,60.24820370003678,21.02379604162864,0.3489530766145614,2.07752426551851,6.324555320336759,1.399912495532236,0.1983854573340465,-25.346175941946694,78.41933662003291,81.7,160.6,Fluo-C2DL-Huh7,02,Huh7,#2db95f
41,Cell,30,29.0,104.0,840.0,131.0,823.0,88.45131802705703,31.906112267087632,0.3607194666938443,3.050045449208863,7.071067811865476,2.275957244424851,0.3869854247637127,-32.19573393471325,68.21314275467572,498.25,1221.1,Fluo-C2DL-Huh7,02,Huh7,#2db95f
44,Cell,30,29.0,129.0,933.0,152.0,933.0,33.9625044890621,23.0,0.6772174298101996,1.171120844450417,7.071067811865476,2.027617959178552,0.7638860112023859,0.0,30.31432525537038,87.5,297.4,Fluo-C2DL-Huh7,02,Huh7,#2db95f
5,Cell,30,29.0,226.0,364.0,229.0,357.0,7.615773105863909,7.615773105863909,1.0,0.2626128657194451,7.615773105863909,1.3896166675593025,0.9567085213270834,-66.80140948635182,11.628966922918613,14.5,29.0,Fluo-C2DL-Huh7,02,Huh7,#2db95f
36,Cell,30,29.0,105.0,742.0,106.0,728.0,40.12026789864276,14.0356688476182,0.3498398585741502,1.383457513746302,7.810249675906654,1.8146464833082607,0.3376191471842065,-85.91438322002512,70.73896405322655,33.7,86.0,Fluo-C2DL-Huh7,02,Huh7,#2db95f
62,Cell,30,29.0,845.0,767.0,859.0,747.0,96.07614567733673,24.413111231467404,0.254101692562238,3.312970540597818,7.810249675906654,2.194841599160829,0.1821396876858822,-55.00797980144134,92.17694190061754,124.65,343.7,Fluo-C2DL-Huh7,02,Huh7,#2db95f
64,Cell,30,29.0,777.0,881.0,773.0,857.0,76.82128857652609,24.33105012119288,0.3167227544869326,2.6490099509146927,7.810249675906654,2.1375109769324365,0.0875438727823436,-99.46232220802564,93.1147014110404,122.25,347.3,Fluo-C2DL-Huh7,02,Huh7,#2db95f
75,Cell,30,29.0,463.0,935.0,450.0,919.0,53.740801232699646,20.615528128088304,0.3836103603819062,1.853131076989643,7.810249675906654,1.870010613406733,0.1598986470669046,-129.0938588862295,112.26112128170608,72.45,146.5,Fluo-C2DL-Huh7,02,Huh7,#2db95f
14,Cell,30,29.0,571.0,509.0,560.0,482.0,58.248250870684615,29.154759474226505,0.5005259220393108,2.0085603748511938,7.826237921249264,2.4740367083717123,-0.0711973654070838,-112.16634582208246,88.51121340117872,118.0125,182.825,Fluo-C2DL-Huh7,02,Huh7,#2db95f
45,Cell,30,29.0,916.0,147.0,920.0,136.0,42.547100679997214,11.704699910719626,0.2750998240456461,1.4671414027585246,8.0,1.8853096976454256,0.0202617617850737,-70.01689347810003,75.1032896123375,48.0625,80.825,Fluo-C2DL-Huh7,02,Huh7,#2db95f
9,Cell,30,29.0,385.0,444.0,379.0,454.0,24.151982046805905,11.6619037896906,0.4828549378303668,0.8328269671312382,8.06225774829855,1.818350693023484,0.3069455198139383,120.96375653207352,52.39411540795757,41.1,113.8,Fluo-C2DL-Huh7,02,Huh7,#2db95f
11,Cell,30,29.0,466.0,453.0,469.0,452.0,28.647515983085164,3.1622776601683795,0.110385754284439,0.9878453787270746,8.06225774829855,1.8910012283598856,0.4895152423575158,-18.43494882292201,45.24639578488212,10.75,21.1,Fluo-C2DL-Huh7,02,Huh7,#2db95f
43,Cell,30,29.0,182.0,898.0,217.0,881.0,64.26203947151595,38.91015291668744,0.6054920328810028,2.2159323955695154,8.06225774829855,1.9791992888949053,0.3386351265157428,-25.906507999514385,52.37534105982346,245.05,602.1,Fluo-C2DL-Huh7,02,Huh7,#2db95f
47,Cell,30,29.0,994.0,297.5,999.0,328.0,68.41007424481421,30.907118921051183,0.451791921909719,2.358968077407388,8.54400374531753,2.4450711764790727,0.4996077745409101,80.69005982501396,69.81256902442003,258.7375,615.325,Fluo-C2DL-Huh7,02,Huh7,#2db95f
46,Cell,30,29.0,968.0,70.0,952.0,76.0,74.92448907383783,17.08800749063506,0.2280697232889354,2.5836030715116496,8.602325267042627,2.087936284347839,-0.2513441698742475,159.44395478041653,131.8778712195398,39.7,60.0,Fluo-C2DL-Huh7,02,Huh7,#2db95f
7,Cell,30,29.0,131.0,402.0,114.0,413.0,27.74030758983352,20.248456731316587,0.7299290631779943,0.9565623306839144,9.219544457292889,2.0799922638946,0.2862672483428779,147.0947570770121,58.7195879124898,90.65,265.7,Fluo-C2DL-Huh7,02,Huh7,#2db95f
13,Cell,30,29.0,562.0,468.0,621.0,422.0,89.72189598152238,74.81310045707235,0.8338332537297206,3.093858482121462,9.219544457292889,2.3555741015254643,0.6943687642945159,-37.94215335011893,36.483547826122056,794.325,2949.7,Fluo-C2DL-Huh7,02,Huh7,#2db95f
52,Cell,30,29.0,62.0,478.0,32.0,481.0,70.82931250169885,30.14962686336267,0.4256659538046416,2.442390086265477,9.219544457292889,1.9827461740349024,0.3989232653037833,174.28940686250036,104.08233400499256,234.3,566.6,Fluo-C2DL-Huh7,02,Huh7,#2db95f
59,Cell,30,29.0,535.0,725.0,522.0,718.0,81.16841483031133,14.7648230602334,0.1819035531382542,2.7989108562176326,9.219544457292889,2.2804781905485894,-0.1083480287950724,-151.69924423399362,125.95265261969776,169.2,325.6,Fluo-C2DL-Huh7,02,Huh7,#2db95f
51,Cell,30,29.0,971.0,219.0,986.0,215.0,87.91365808075469,15.524174696260024,0.1765843332557042,3.0315054510605064,9.433981132056603,2.258999368850354,0.1017621040449343,-14.931417178137556,100.39555342755378,137.9625,248.925,Fluo-C2DL-Huh7,02,Huh7,#2db95f
17,Cell,30,29.0,472.0,623.0,508.0,621.0,63.891263179155445,36.05551275463989,0.5643261842161077,2.2031470061777734,9.486832980505138,2.527354858248984,0.5027428194018718,-3.179830119864234,47.536563417432106,204.5,655.2,Fluo-C2DL-Huh7,02,Huh7,#2db95f
18,Cell,30,29.0,592.0,621.0,595.0,618.0,34.37020353870375,4.242640687119285,0.1234394984697054,1.1851794323690947,10.04987562112089,1.976283011280388,0.3203199975129794,-45.0,63.37227594532761,38.05,85.5,Fluo-C2DL-Huh7,02,Huh7,#2db95f
3,Cell,30,29.0,236.0,153.0,207.0,133.0,51.19974492123925,35.22782990761707,0.6880469807380519,1.765508445559974,10.44030650891055,2.8199194041493074,0.2739213036346994,-145.40771131249005,68.29731279518109,124.95,397.3,Fluo-C2DL-Huh7,02,Huh7,#2db95f
32,Cell,30,29.0,857.0,384.0,851.0,372.0,41.81117036446955,13.41640786499874,0.3208809451648305,1.4417644953265365,10.735455276791944,2.730530699083332,0.5047731457253648,-116.565051177078,56.45506835868024,61.825,99.4,Fluo-C2DL-Huh7,02,Huh7,#2db95f
12,Cell,30,29.0,443.0,514.0,485.0,503.0,77.82066161520525,43.41658669218482,0.5579056485906531,2.683471090179492,10.770329614269007,2.5472805264800904,0.4285465891700067,-14.676393137450017,59.86225043222879,251.625,768.55,Fluo-C2DL-Huh7,02,Huh7,#2db95f
42,Cell,30,29.0,99.0,893.0,90.0,879.0,120.8293060423952,16.64331697709324,0.1377423865304136,4.166527794565352,11.6619037896906,2.7515596704184,0.2404009718320905,-122.7352262721076,108.20895794163114,773.65,316.5,Fluo-C2DL-Huh7,02,Huh7,#2db95f
74,Cell,30,29.0,451.0,921.0,449.0,888.0,73.64227133704779,33.06055050963308,0.448934421893653,2.5393886667947507,12.083045973594572,3.048423282501825,0.3942352053463992,-93.46822925891712,89.14340106812936,176.8125,269.525,Fluo-C2DL-Huh7,02,Huh7,#2db95f
30,Cell,30,29.0,874.0,252.0,872.0,249.0,57.6333685071713,3.605551275463989,0.0625601343259218,1.9873575347300445,13.41640786499874,2.7944642990753867,0.290147156292515,-123.6900675259798,76.15817073346302,29.1,41.2,Fluo-C2DL-Huh7,02,Huh7,#2db95f
61,Cell,30,29.0,768.0,730.0,766.0,725.0,90.80174696435404,5.385164807134504,0.0593068414118569,3.13109472290876,16.1245154965971,4.700297603376924,0.047666466288498,-111.80140948635182,93.2585092840417,50.2,97.8,Fluo-C2DL-Huh7,02,Huh7,#2db95f
33,Cell,30,29.0,942.0,378.0,921.0,346.0,69.18556813137205,38.27531841800928,0.5532269149735205,2.3857092459093816,29.154759474226505,5.805595845227295,0.3457786277556756,-123.27488798483492,61.33363581864582,511.0625,837.825,Fluo-C2DL-Huh7,02,Huh7,#2db95f
15,Cell,30,29.0,718.0,414.0,605.0,313.0,458.55289508750496,151.5585695366646,0.3305149114972721,15.81216879612086,41.6293165929973,10.159561864240334,0.6846179290491369,-138.209486317792,74.91732415569507,14007.2,41241.2,Fluo-C2DL-Huh7,02,Huh7,#2db95f
48,Cell,26,25.0,56.0,39.0,71.0,17.0,67.1458354481582,26.627053911388696,0.3965555530535747,2.685833417926328,9.899494936611664,2.192327268258592,0.1660924220762747,-55.71312302279104,77.49250325464725,215.640625,655.6666666666666,Fluo-C2DL-Huh7,02,Huh7,#2db95f
37,Cell,26,25.0,194.0,780.0,195.0,806.0,79.40532723364878,26.019223662515376,0.3276760460410202,3.1762130893459517,27.65863337187866,5.523736996913181,0.6306868216496292,87.7974018382342,59.464796725166366,375.5625,691.6666666666666,Fluo-C2DL-Huh7,02,Huh7,#2db95f
20,Cell,24,23.0,798.0,610.0,774.0,590.0,47.80283322832672,31.240998703626616,0.6535386418291628,2.0783840534055096,14.212670403551895,3.845648889163387,0.2196757638189681,-140.19442890773482,71.80116026754249,109.23214285714286,449.5625,Fluo-C2DL-Huh7,02,Huh7,#2db95f
79,Cell,22,21.0,32.0,826.0,60.0,812.0,141.47994963766374,31.304951684997057,0.2212677610161043,6.737140458936368,17.08800749063506,5.084194496147634,0.0093916409420031,-26.56505117707799,107.89044137060807,338.0833333333333,940.5,Fluo-C2DL-Huh7,02,Huh7,#2db95f
26,Cell,18,17.0,740.0,613.0,752.0,599.0,44.55485224172404,18.43908891458577,0.4138514210427169,2.620873661277885,10.770329614269007,3.0986463959145083,0.5001436948108737,-49.39870535499554,83.59566608490769,97.875,,Fluo-C2DL-Huh7,02,Huh7,#2db95f
67,Cell,16,15.0,872.0,984.0,859.0,1003.0,42.974162795537374,23.021728866442675,0.5357109334735743,2.8649441863691583,8.602325267042627,2.14291735934673,0.2457344094374411,124.38034472384489,79.23761095154559,228.16666666666663,,Fluo-C2DL-Huh7,02,Huh7,#2db95f
50,Cell,15,14.0,10.0,151.0,14.0,152.0,11.82842712474619,4.123105625617661,0.3485759841214841,0.844887651767585,2.8284271247461903,0.9638578726906778,0.4164779663363919,14.036243467926475,48.856398944341976,13.0,,Fluo-C2DL-Huh7,02,Huh7,#2db95f
70,Cell,15,14.0,610.0,957.0,605.0,951.0,25.776560536582835,7.810249675906654,0.3029981313768423,1.8411828954702023,5.385164807134504,1.4525995819316353,-0.2524184002599528,-129.8055710922652,103.0959749936759,47.8,,Fluo-C2DL-Huh7,02,Huh7,#2db95f
71,Cell,15,14.0,628.0,936.0,676.0,922.0,74.07807409655297,50.0,0.674963551763377,5.291291006896641,13.41640786499874,3.500319911141656,0.4836373742477192,-16.26020470831196,75.79510393372439,1565.65,,Fluo-C2DL-Huh7,02,Huh7,#2db95f
28,Cell,12,11.0,732.0,601.0,728.0,611.0,24.59183094440611,10.770329614269007,0.4379637139917363,2.23562099494601,6.708203932499369,1.6793393299564063,0.3047213595499957,111.80140948635182,88.48156549472162,66.5,,Fluo-C2DL-Huh7,02,Huh7,#2db95f
29,Cell,12,11.0,765.0,609.0,757.0,632.0,48.11220128770528,24.35159132377184,0.5061416994444342,4.373836480700479,12.649110640673518,3.2552768188537167,0.4228187655994028,109.17900802581072,82.70779071841959,237.5,,Fluo-C2DL-Huh7,02,Huh7,#2db95f
49,Cell,6,5.0,15.0,154.0,13.0,157.0,3.8284271247461903,3.605551275463989,0.9417839645316542,0.7656854249492381,2.8284271247461903,1.1016922574023589,-0.1035533905932737,123.6900675259798,60.58779898594705,,,Fluo-C2DL-Huh7,02,Huh7,#2db95f
58,Cell,6,5.0,48.0,609.0,54.0,615.0,13.69890871741394,8.48528137423857,0.6194129437078553,2.739781743482788,6.708203932499369,2.1198103684241234,-0.0649732964216474,45.0,86.32448295677099,,,Fluo-C2DL-Huh7,02,Huh7,#2db95f
57,Cell,6,5.0,33.0,590.0,28.0,580.0,15.06608249124353,11.180339887498947,0.7420867298448027,3.0132164982487057,7.810249675906654,2.668431437133397,0.6090743375764105,-116.565051177078,59.40165064810457,,,Fluo-C2DL-Huh7,02,Huh7,#2db95f
22,Cell,6,5.0,760.0,569.0,771.0,569.0,22.45440907726009,11.0,0.4898815177968705,4.490881815452019,9.848857801796104,2.903787271761204,-0.3515346165133619,0.0,76.57585650747475,,,Fluo-C2DL-Huh7,02,Huh7,#2db95f
23,Cell,6,5.0,784.0,594.0,796.0,597.0,28.434651931971125,12.36931687685298,0.4350085559846529,5.686930386394225,10.04987562112089,3.7227439853293736,0.4832873704958066,14.036243467926475,53.65897801328177,,,Fluo-C2DL-Huh7,02,Huh7,#2db95f
55,Cell,6,5.0,2.296296296296296,517.0,48.0,599.0,114.3825822553724,93.8766666016425,0.820725190414498,22.876516451074483,53.383785293251165,19.13192884972413,0.4451352938424541,60.86635517613704,56.56194882156293,,,Fluo-C2DL-Huh7,02,Huh7,#2db95f
77,Cell,4,3.0,1011.0,670.0,1009.0,659.0,13.496976092671314,11.180339887498947,0.8283588717008791,4.498992030890438,6.082762530298219,2.181529441924708,-0.6441724874528221,-100.30484646876604,65.91214033911378,,,Fluo-C2DL-Huh7,02,Huh7,#2db95f
39,Cell,4,3.0,181.0,809.0,192.0,772.0,38.75496412747062,38.60051813123757,0.996014807400542,12.91832137582354,18.97366596101028,4.667294665821651,0.9795809859129232,-73.44292862436336,5.698406329824916,,,Fluo-C2DL-Huh7,02,Huh7,#2db95f
40,Cell,4,3.0,211.0,808.0,226.0,772.0,43.81816211599012,39.0,0.890041893969992,14.606054038663371,19.0,3.214008725301169,0.7059887083688451,-67.38013505195957,27.42173821419068,,,Fluo-C2DL-Huh7,02,Huh7,#2db95f
80,Cell,3,2.0,94.0,665.0,96.0,662.0,8.704570789056774,3.605551275463989,0.414213562373095,4.352285394528387,5.0990195135927845,0.7467341190643977,,-56.309932474020215,79.41398338424267,,,Fluo-C2DL-Huh7,02,Huh7,#2db95f
81,Cell,3,2.0,109.0,654.0,115.0,658.0,11.082762530298218,7.211102550927978,0.6506593036902271,5.541381265149109,6.082762530298219,0.5413812651491097,,33.690067525979785,53.52637891898821,,,Fluo-C2DL-Huh7,02,Huh7,#2db95f
35,Cell,27,26.0,74.0,642.0,95.0,667.0,129.01449768526368,32.64965543462902,0.2530696628705964,4.9620960648178345,30.083217912982647,6.287403979176582,0.5055488388616343,49.96974072811031,62.88391660459081,845.9411764705883,2104.0,Fluo-C2DL-Huh7,02,Huh7,#2db95f
68,Cell,15,14.0,643.0,932.0,620.0,942.0,75.06406355779892,25.079872407968907,0.3341129059534266,5.361718825557065,33.015148038438355,8.579575402827917,0.0091988428899266,156.50143432404792,97.85708801223684,704.0,,Fluo-C2DL-Huh7,02,Huh7,#2db95f
