TrackID,Cell_Type,Frame,Time_min,X_um,Y_um,X_displacement_um,Y_displacement_um,Step_Distance_um,Cumulative_Distance_um,Displacement_um,Velocity_um_min,Step_Angle_deg
3,Cell,0,0.0,597.0,208.0,0.0,0.0,0.0,0.0,0.0,0.0,0.0
3,Cell,1,1.0,597.0,208.0,0.0,0.0,0.0,0.0,0.0,0.0,0.0
3,Cell,2,2.0,597.0,208.0,0.0,0.0,0.0,0.0,0.0,0.0,0.0
3,Cell,3,3.0,597.0,208.0,0.0,0.0,0.0,0.0,0.0,0.0,0.0
3,Cell,4,4.0,597.0,208.0,0.0,0.0,0.0,0.0,0.0,0.0,0.0
3,Cell,5,5.0,597.0,208.0,0.0,0.0,0.0,0.0,0.0,0.0,0.0
3,Cell,6,6.0,596.0,208.0,-1.0,0.0,1.0,1.0,1.0,1.0,180.0
3,Cell,7,7.0,596.0,208.0,-1.0,0.0,0.0,1.0,1.0,0.0,0.0
3,Cell,8,8.0,596.0,208.5,-1.0,0.5,0.5,1.5,1.118033988749895,0.5,90.0
3,Cell,9,9.0,596.0,209.0,-1.0,1.0,0.5,2.0,1.4142135623730951,0.5,90.0
3,Cell,10,10.0,596.0,209.0,-1.0,1.0,0.0,2.0,1.4142135623730951,0.0,0.0
3,Cell,11,11.0,596.0,209.0,-1.0,1.0,0.0,2.0,1.4142135623730951,0.0,0.0
3,Cell,12,12.0,596.0,209.0,-1.0,1.0,0.0,2.0,1.4142135623730951,0.0,0.0
3,Cell,13,13.0,596.0,209.0,-1.0,1.0,0.0,2.0,1.4142135623730951,0.0,0.0
3,Cell,14,14.0,596.0,206.0,-1.0,-2.0,3.0,5.0,2.23606797749979,3.0,-90.0
3,Cell,15,15.0,596.0,204.0,-1.0,-4.0,2.0,7.0,4.123105625617661,2.0,-90.0
3,Cell,16,16.0,598.0,202.0,1.0,-6.0,2.8284271247461903,9.82842712474619,6.082762530298219,2.8284271247461903,-45.0
3,Cell,17,17.0,598.0,201.0,1.0,-7.0,1.0,10.82842712474619,7.0710678118654755,1.0,-90.0
3,Cell,18,18.0,602.0,198.0,5.0,-10.0,5.0,15.82842712474619,11.180339887498949,5.0,-36.86989764584402
3,Cell,19,19.0,603.0,198.0,6.0,-10.0,1.0,16.82842712474619,11.661903789690601,1.0,0.0
3,Cell,20,20.0,604.0,198.0,7.0,-10.0,1.0,17.82842712474619,12.206555615733702,1.0,0.0
3,Cell,21,21.0,603.0,199.0,6.0,-9.0,1.4142135623730951,19.242640687119287,10.816653826391969,1.4142135623730951,135.0
3,Cell,22,22.0,603.0,199.0,6.0,-9.0,0.0,19.242640687119287,10.816653826391969,0.0,0.0
3,Cell,23,23.0,606.0,202.0,9.0,-6.0,4.242640687119285,23.48528137423857,10.816653826391969,4.242640687119285,45.0
3,Cell,24,24.0,606.0,203.5,9.0,-4.5,1.5,24.98528137423857,10.062305898749054,1.5,90.0
3,Cell,25,25.0,606.0,203.0,9.0,-5.0,0.5,25.48528137423857,10.295630140987,0.5,-90.0
3,Cell,26,26.0,607.5,203.5,10.5,-4.5,1.5811388300841898,27.06642020432276,11.423659658795863,1.5811388300841898,18.43494882292201
3,Cell,27,27.0,609.0,205.5,12.0,-2.5,2.5,29.56642020432276,12.257650672131263,2.5,53.13010235415598
3,Cell,28,28.0,610.0,206.0,13.0,-2.0,1.118033988749895,30.684454193072654,13.152946437965905,1.118033988749895,26.56505117707799
3,Cell,29,29.0,610.5,205.5,13.5,-2.5,0.7071067811865476,31.3915609742592,13.729530217745982,0.7071067811865476,-45.0
13,Cell,0,0.0,555.0,693.0,0.0,0.0,0.0,0.0,0.0,0.0,0.0
13,Cell,1,1.0,555.0,693.0,0.0,0.0,0.0,0.0,0.0,0.0,0.0
13,Cell,2,2.0,555.0,693.0,0.0,0.0,0.0,0.0,0.0,0.0,0.0
13,Cell,3,3.0,555.0,693.0,0.0,0.0,0.0,0.0,0.0,0.0,0.0
13,Cell,4,4.0,555.0,693.0,0.0,0.0,0.0,0.0,0.0,0.0,0.0
13,Cell,5,5.0,555.0,693.0,0.0,0.0,0.0,0.0,0.0,0.0,0.0
13,Cell,6,6.0,555.0,693.0,0.0,0.0,0.0,0.0,0.0,0.0,0.0
13,Cell,7,7.0,555.0,693.0,0.0,0.0,0.0,0.0,0.0,0.0,0.0
13,Cell,8,8.0,555.0,693.0,0.0,0.0,0.0,0.0,0.0,0.0,0.0
13,Cell,9,9.0,555.0,693.0,0.0,0.0,0.0,0.0,0.0,0.0,0.0
13,Cell,10,10.0,555.0,693.0,0.0,0.0,0.0,0.0,0.0,0.0,0.0
13,Cell,11,11.0,555.0,693.0,0.0,0.0,0.0,0.0,0.0,0.0,0.0
13,Cell,12,12.0,555.0,693.0,0.0,0.0,0.0,0.0,0.0,0.0,0.0
13,Cell,13,13.0,555.0,693.0,0.0,0.0,0.0,0.0,0.0,0.0,0.0
13,Cell,14,14.0,555.0,693.0,0.0,0.0,0.0,0.0,0.0,0.0,0.0
13,Cell,15,15.0,555.0,693.0,0.0,0.0,0.0,0.0,0.0,0.0,0.0
13,Cell,16,16.0,555.0,693.0,0.0,0.0,0.0,0.0,0.0,0.0,0.0
13,Cell,17,17.0,555.0,693.0,0.0,0.0,0.0,0.0,0.0,0.0,0.0
13,Cell,18,18.0,555.0,693.0,0.0,0.0,0.0,0.0,0.0,0.0,0.0
13,Cell,19,19.0,555.0,693.0,0.0,0.0,0.0,0.0,0.0,0.0,0.0
13,Cell,20,20.0,555.0,693.0,0.0,0.0,0.0,0.0,0.0,0.0,0.0
13,Cell,21,21.0,555.0,693.0,0.0,0.0,0.0,0.0,0.0,0.0,0.0
13,Cell,22,22.0,555.0,693.0,0.0,0.0,0.0,0.0,0.0,0.0,0.0
13,Cell,23,23.0,555.0,693.0,0.0,0.0,0.0,0.0,0.0,0.0,0.0
13,Cell,24,24.0,555.0,693.0,0.0,0.0,0.0,0.0,0.0,0.0,0.0
13,Cell,25,25.0,555.0,693.0,0.0,0.0,0.0,0.0,0.0,0.0,0.0
13,Cell,26,26.0,555.0,693.0,0.0,0.0,0.0,0.0,0.0,0.0,0.0
13,Cell,27,27.0,555.0,693.0,0.0,0.0,0.0,0.0,0.0,0.0,0.0
13,Cell,28,28.0,558.0,699.0,3.0,6.0,6.708203932499369,6.708203932499369,6.708203932499369,6.708203932499369,63.43494882292201
13,Cell,29,29.0,558.0,699.0,3.0,6.0,0.0,6.708203932499369,6.708203932499369,0.0,0.0
21,Cell,0,0.0,60.0,940.0,0.0,0.0,0.0,0.0,0.0,0.0,0.0
21,Cell,1,1.0,60.0,940.0,0.0,0.0,0.0,0.0,0.0,0.0,0.0
21,Cell,2,2.0,60.0,940.0,0.0,0.0,0.0,0.0,0.0,0.0,0.0
21,Cell,3,3.0,60.0,940.0,0.0,0.0,0.0,0.0,0.0,0.0,0.0
21,Cell,4,4.0,60.0,940.0,0.0,0.0,0.0,0.0,0.0,0.0,0.0
21,Cell,5,5.0,59.0,942.0,-1.0,2.0,2.23606797749979,2.23606797749979,2.23606797749979,2.23606797749979,116.56505117707799
21,Cell,6,6.0,59.0,942.0,-1.0,2.0,0.0,2.23606797749979,2.23606797749979,0.0,0.0
21,Cell,7,7.0,59.0,940.0,-1.0,0.0,2.0,4.23606797749979,1.0,2.0,-90.0
21,Cell,8,8.0,58.0,933.0,-2.0,-7.0,7.0710678118654755,11.307135789365265,7.280109889280518,7.0710678118654755,-98.130102354156
21,Cell,9,9.0,58.0,933.0,-2.0,-7.0,0.0,11.307135789365265,7.280109889280518,0.0,0.0
21,Cell,10,10.0,58.0,933.0,-2.0,-7.0,0.0,11.307135789365265,7.280109889280518,0.0,0.0
21,Cell,11,11.0,58.0,937.0,-2.0,-3.0,4.0,15.307135789365265,3.605551275463989,4.0,90.0
21,Cell,12,12.0,57.0,942.0,-3.0,2.0,5.0990195135927845,20.406155302958048,3.605551275463989,5.0990195135927845,101.30993247402021
21,Cell,13,13.0,57.0,946.0,-3.0,6.0,4.0,24.406155302958048,6.708203932499369,4.0,90.0
21,Cell,14,14.0,59.0,942.0,-1.0,2.0,4.47213595499958,28.878291257957628,2.23606797749979,4.47213595499958,-63.43494882292201
21,Cell,15,15.0,62.0,940.0,2.0,0.0,3.605551275463989,32.483842533421615,2.0,3.605551275463989,-33.690067525979785
21,Cell,16,16.0,60.0,943.0,0.0,3.0,3.605551275463989,36.0893938088856,3.0,3.605551275463989,123.6900675259798
21,Cell,17,17.0,58.0,939.0,-2.0,-1.0,4.47213595499958,40.56152976388518,2.23606797749979,4.47213595499958,-116.56505117707799
21,Cell,18,18.0,57.0,941.0,-3.0,1.0,2.23606797749979,42.797597741384976,3.1622776601683795,2.23606797749979,116.56505117707799
21,Cell,19,19.0,58.0,940.0,-2.0,0.0,1.4142135623730951,44.21181130375807,2.0,1.4142135623730951,-45.0
21,Cell,20,20.0,58.0,940.0,-2.0,0.0,0.0,44.21181130375807,2.0,0.0,0.0
21,Cell,21,21.0,58.0,940.0,-2.0,0.0,0.0,44.21181130375807,2.0,0.0,0.0
21,Cell,22,22.0,58.0,939.0,-2.0,-1.0,1.0,45.21181130375807,2.23606797749979,1.0,-90.0
21,Cell,23,23.0,58.0,939.0,-2.0,-1.0,0.0,45.21181130375807,2.23606797749979,0.0,0.0
21,Cell,24,24.0,58.0,939.0,-2.0,-1.0,0.0,45.21181130375807,2.23606797749979,0.0,0.0
21,Cell,25,25.0,58.0,939.0,-2.0,-1.0,0.0,45.21181130375807,2.23606797749979,0.0,0.0
21,Cell,26,26.0,58.0,939.0,-2.0,-1.0,0.0,45.21181130375807,2.23606797749979,0.0,0.0
21,Cell,27,27.0,62.0,936.0,2.0,-4.0,5.0,50.21181130375807,4.47213595499958,5.0,-36.86989764584402
21,Cell,28,28.0,62.0,936.0,2.0,-4.0,0.0,50.21181130375807,4.47213595499958,0.0,0.0
21,Cell,29,29.0,67.0,936.0,7.0,-4.0,5.0,55.21181130375807,8.06225774829855,5.0,0.0
23,Cell,0,0.0,830.0,929.0,0.0,0.0,0.0,0.0,0.0,0.0,0.0
23,Cell,1,1.0,830.0,929.0,0.0,0.0,0.0,0.0,0.0,0.0,0.0
23,Cell,2,2.0,830.0,929.0,0.0,0.0,0.0,0.0,0.0,0.0,0.0
23,Cell,3,3.0,830.0,929.0,0.0,0.0,0.0,0.0,0.0,0.0,0.0
23,Cell,4,4.0,830.0,929.0,0.0,0.0,0.0,0.0,0.0,0.0,0.0
23,Cell,5,5.0,827.0,930.0,-3.0,1.0,3.1622776601683795,3.1622776601683795,3.1622776601683795,3.1622776601683795,161.56505117707798
23,Cell,6,6.0,827.0,930.0,-3.0,1.0,0.0,3.1622776601683795,3.1622776601683795,0.0,0.0
23,Cell,7,7.0,827.0,930.0,-3.0,1.0,0.0,3.1622776601683795,3.1622776601683795,0.0,0.0
23,Cell,8,8.0,827.0,930.0,-3.0,1.0,0.0,3.1622776601683795,3.1622776601683795,0.0,0.0
23,Cell,9,9.0,827.0,930.0,-3.0,1.0,0.0,3.1622776601683795,3.1622776601683795,0.0,0.0
23,Cell,10,10.0,828.0,935.0,-2.0,6.0,5.0990195135927845,8.261297173761164,6.324555320336759,5.0990195135927845,78.69006752597979
23,Cell,11,11.0,831.0,937.0,1.0,8.0,3.605551275463989,11.866848449225154,8.06225774829855,3.605551275463989,33.690067525979785
23,Cell,12,12.0,831.0,937.0,1.0,8.0,0.0,11.866848449225154,8.06225774829855,0.0,0.0
23,Cell,13,13.0,832.0,938.0,2.0,9.0,1.4142135623730951,13.28106201159825,9.219544457292887,1.4142135623730951,45.0
23,Cell,14,14.0,832.0,938.0,2.0,9.0,0.0,13.28106201159825,9.219544457292887,0.0,0.0
23,Cell,15,15.0,827.0,943.0,-3.0,14.0,7.0710678118654755,20.352129823463727,14.317821063276353,7.0710678118654755,135.0
23,Cell,16,16.0,822.0,945.0,-8.0,16.0,5.385164807134504,25.73729463059823,17.88854381999832,5.385164807134504,158.19859051364818
23,Cell,17,17.0,819.0,946.0,-11.0,17.0,3.1622776601683795,28.89957229076661,20.248456731316587,3.1622776601683795,161.56505117707798
23,Cell,18,18.0,819.0,946.0,-11.0,17.0,0.0,28.89957229076661,20.248456731316587,0.0,0.0
23,Cell,19,19.0,816.0,945.0,-14.0,16.0,3.1622776601683795,32.06184995093499,21.2602916254693,3.1622776601683795,-161.56505117707798
23,Cell,20,20.0,816.0,945.0,-14.0,16.0,0.0,32.06184995093499,21.2602916254693,0.0,0.0
23,Cell,21,21.0,818.0,944.0,-12.0,15.0,2.23606797749979,34.297917928434785,19.209372712298546,2.23606797749979,-26.56505117707799
23,Cell,22,22.0,818.0,944.0,-12.0,15.0,0.0,34.297917928434785,19.209372712298546,0.0,0.0
23,Cell,23,23.0,825.0,941.0,-5.0,12.0,7.615773105863909,41.913691034298694,13.0,7.615773105863909,-23.19859051364819
23,Cell,24,24.0,825.0,941.0,-5.0,12.0,0.0,41.913691034298694,13.0,0.0,0.0
23,Cell,25,25.0,825.0,941.0,-5.0,12.0,0.0,41.913691034298694,13.0,0.0,0.0
23,Cell,26,26.0,825.0,941.0,-5.0,12.0,0.0,41.913691034298694,13.0,0.0,0.0
23,Cell,27,27.0,825.0,941.0,-5.0,12.0,0.0,41.913691034298694,13.0,0.0,0.0
23,Cell,28,28.0,827.0,934.0,-3.0,5.0,7.280109889280518,49.19380092357921,5.830951894845301,7.280109889280518,-74.05460409907715
23,Cell,29,29.0,824.0,935.0,-6.0,6.0,3.1622776601683795,52.35607858374759,8.48528137423857,3.1622776601683795,161.56505117707798
20,Cell,0,0.0,91.0,900.0,0.0,0.0,0.0,0.0,0.0,0.0,0.0
20,Cell,1,1.0,91.0,900.0,0.0,0.0,0.0,0.0,0.0,0.0,0.0
20,Cell,2,2.0,91.0,900.0,0.0,0.0,0.0,0.0,0.0,0.0,0.0
20,Cell,3,3.0,93.0,897.0,2.0,-3.0,3.605551275463989,3.605551275463989,3.605551275463989,3.605551275463989,-56.309932474020215
20,Cell,4,4.0,93.0,897.0,2.0,-3.0,0.0,3.605551275463989,3.605551275463989,0.0,0.0
20,Cell,5,5.0,93.0,897.0,2.0,-3.0,0.0,3.605551275463989,3.605551275463989,0.0,0.0
20,Cell,6,6.0,93.0,892.0,2.0,-8.0,5.0,8.60555127546399,8.246211251235321,5.0,-90.0
20,Cell,7,7.0,95.0,888.0,4.0,-12.0,4.47213595499958,13.07768723046357,12.649110640673518,4.47213595499958,-63.43494882292201
20,Cell,8,8.0,95.0,888.0,4.0,-12.0,0.0,13.07768723046357,12.649110640673518,0.0,0.0
20,Cell,9,9.0,95.0,888.0,4.0,-12.0,0.0,13.07768723046357,12.649110640673518,0.0,0.0
20,Cell,10,10.0,95.0,888.0,4.0,-12.0,0.0,13.07768723046357,12.649110640673518,0.0,0.0
20,Cell,11,11.0,95.0,888.0,4.0,-12.0,0.0,13.07768723046357,12.649110640673518,0.0,0.0
20,Cell,12,12.0,95.0,888.0,4.0,-12.0,0.0,13.07768723046357,12.649110640673518,0.0,0.0
20,Cell,13,13.0,96.0,882.0,5.0,-18.0,6.082762530298219,19.16044976076179,18.681541692269406,6.082762530298219,-80.53767779197439
20,Cell,14,14.0,96.0,882.0,5.0,-18.0,0.0,19.16044976076179,18.681541692269406,0.0,0.0
20,Cell,15,15.0,96.0,882.0,5.0,-18.0,0.0,19.16044976076179,18.681541692269406,0.0,0.0
20,Cell,16,16.0,96.0,882.0,5.0,-18.0,0.0,19.16044976076179,18.681541692269406,0.0,0.0
20,Cell,17,17.0,102.0,877.0,11.0,-23.0,7.810249675906654,26.970699436668443,25.495097567963924,7.810249675906654,-39.80557109226519
20,Cell,18,18.0,102.0,877.0,11.0,-23.0,0.0,26.970699436668443,25.495097567963924,0.0,0.0
20,Cell,19,19.0,102.0,877.0,11.0,-23.0,0.0,26.970699436668443,25.495097567963924,0.0,0.0
20,Cell,20,20.0,105.0,881.0,14.0,-19.0,5.0,31.970699436668443,23.600847442411894,5.0,53.13010235415598
20,Cell,21,21.0,105.0,881.0,14.0,-19.0,0.0,31.970699436668443,23.600847442411894,0.0,0.0
20,Cell,22,22.0,105.0,881.0,14.0,-19.0,0.0,31.970699436668443,23.600847442411894,0.0,0.0
20,Cell,23,23.0,105.0,881.0,14.0,-19.0,0.0,31.970699436668443,23.600847442411894,0.0,0.0
20,Cell,24,24.0,104.0,881.0,13.0,-19.0,1.0,32.97069943666844,23.021728866442675,1.0,180.0
20,Cell,25,25.0,103.0,884.0,12.0,-16.0,3.1622776601683795,36.13297709683682,20.0,3.1622776601683795,108.43494882292201
20,Cell,26,26.0,103.0,884.0,12.0,-16.0,0.0,36.13297709683682,20.0,0.0,0.0
20,Cell,27,27.0,103.0,884.0,12.0,-16.0,0.0,36.13297709683682,20.0,0.0,0.0
20,Cell,28,28.0,103.0,884.0,12.0,-16.0,0.0,36.13297709683682,20.0,0.0,0.0
20,Cell,29,29.0,103.0,884.0,12.0,-16.0,0.0,36.13297709683682,20.0,0.0,0.0
12,Cell,0,0.0,507.0,785.5,0.0,0.0,0.0,0.0,0.0,0.0,0.0
12,Cell,1,1.0,507.0,785.0,0.0,-0.5,0.5,0.5,0.5,0.5,-90.0
12,Cell,2,2.0,506.0,785.0,-1.0,-0.5,1.0,1.5,1.118033988749895,1.0,180.0
12,Cell,3,3.0,506.0,785.0,-1.0,-0.5,0.0,1.5,1.118033988749895,0.0,0.0
12,Cell,4,4.0,506.0,785.0,-1.0,-0.5,0.0,1.5,1.118033988749895,0.0,0.0
12,Cell,5,5.0,506.0,786.0,-1.0,0.5,1.0,2.5,1.118033988749895,1.0,90.0
12,Cell,6,6.0,506.0,786.0,-1.0,0.5,0.0,2.5,1.118033988749895,0.0,0.0
12,Cell,7,7.0,506.0,786.0,-1.0,0.5,0.0,2.5,1.118033988749895,0.0,0.0
12,Cell,8,8.0,506.0,786.0,-1.0,0.5,0.0,2.5,1.118033988749895,0.0,0.0
12,Cell,9,9.0,498.0,786.0,-9.0,0.5,8.0,10.5,9.013878188659973,8.0,180.0
12,Cell,10,10.0,498.0,786.0,-9.0,0.5,0.0,10.5,9.013878188659973,0.0,0.0
12,Cell,11,11.0,498.0,786.0,-9.0,0.5,0.0,10.5,9.013878188659973,0.0,0.0
12,Cell,12,12.0,498.0,786.0,-9.0,0.5,0.0,10.5,9.013878188659973,0.0,0.0
12,Cell,13,13.0,498.0,786.0,-9.0,0.5,0.0,10.5,9.013878188659973,0.0,0.0
12,Cell,14,14.0,494.0,786.0,-13.0,0.5,4.0,14.5,13.009611831257688,4.0,180.0
12,Cell,15,15.0,494.0,786.0,-13.0,0.5,0.0,14.5,13.009611831257688,0.0,0.0
12,Cell,16,16.0,494.0,786.0,-13.0,0.5,0.0,14.5,13.009611831257688,0.0,0.0
12,Cell,17,17.0,494.0,786.0,-13.0,0.5,0.0,14.5,13.009611831257688,0.0,0.0
12,Cell,18,18.0,494.0,786.0,-13.0,0.5,0.0,14.5,13.009611831257688,0.0,0.0
12,Cell,19,19.0,494.0,786.0,-13.0,0.5,0.0,14.5,13.009611831257688,0.0,0.0
12,Cell,20,20.0,494.0,786.0,-13.0,0.5,0.0,14.5,13.009611831257688,0.0,0.0
12,Cell,21,21.0,494.0,786.0,-13.0,0.5,0.0,14.5,13.009611831257688,0.0,0.0
12,Cell,22,22.0,494.0,786.0,-13.0,0.5,0.0,14.5,13.009611831257688,0.0,0.0
12,Cell,23,23.0,494.0,786.0,-13.0,0.5,0.0,14.5,13.009611831257688,0.0,0.0
12,Cell,24,24.0,494.0,786.0,-13.0,0.5,0.0,14.5,13.009611831257688,0.0,0.0
12,Cell,25,25.0,494.0,786.0,-13.0,0.5,0.0,14.5,13.009611831257688,0.0,0.0
12,Cell,26,26.0,494.0,786.0,-13.0,0.5,0.0,14.5,13.009611831257688,0.0,0.0
12,Cell,27,27.0,494.0,786.0,-13.0,0.5,0.0,14.5,13.009611831257688,0.0,0.0
12,Cell,28,28.0,494.0,786.0,-13.0,0.5,0.0,14.5,13.009611831257688,0.0,0.0
12,Cell,29,29.0,494.0,786.0,-13.0,0.5,0.0,14.5,13.009611831257688,0.0,0.0
5,Cell,0,0.0,510.0,364.0,0.0,0.0,0.0,0.0,0.0,0.0,0.0
5,Cell,1,1.0,510.0,364.0,0.0,0.0,0.0,0.0,0.0,0.0,0.0
5,Cell,2,2.0,510.0,364.0,0.0,0.0,0.0,0.0,0.0,0.0,0.0
5,Cell,3,3.0,510.0,364.0,0.0,0.0,0.0,0.0,0.0,0.0,0.0
5,Cell,4,4.0,510.0,364.0,0.0,0.0,0.0,0.0,0.0,0.0,0.0
5,Cell,5,5.0,510.0,364.0,0.0,0.0,0.0,0.0,0.0,0.0,0.0
5,Cell,6,6.0,510.0,364.0,0.0,0.0,0.0,0.0,0.0,0.0,0.0
5,Cell,7,7.0,508.0,358.0,-2.0,-6.0,6.324555320336759,6.324555320336759,6.324555320336759,6.324555320336759,-108.43494882292201
5,Cell,8,8.0,509.0,357.0,-1.0,-7.0,1.4142135623730951,7.738768882709854,7.0710678118654755,1.4142135623730951,-45.0
5,Cell,9,9.0,509.0,357.0,-1.0,-7.0,0.0,7.738768882709854,7.0710678118654755,0.0,0.0
5,Cell,10,10.0,509.0,357.0,-1.0,-7.0,0.0,7.738768882709854,7.0710678118654755,0.0,0.0
5,Cell,11,11.0,509.0,357.0,-1.0,-7.0,0.0,7.738768882709854,7.0710678118654755,0.0,0.0
5,Cell,12,12.0,507.0,353.0,-3.0,-11.0,4.47213595499958,12.210904837709434,11.40175425099138,4.47213595499958,-116.56505117707799
5,Cell,13,13.0,507.0,353.0,-3.0,-11.0,0.0,12.210904837709434,11.40175425099138,0.0,0.0
5,Cell,14,14.0,507.0,353.0,-3.0,-11.0,0.0,12.210904837709434,11.40175425099138,0.0,0.0
5,Cell,15,15.0,507.0,345.0,-3.0,-19.0,8.0,20.210904837709435,19.235384061671343,8.0,-90.0
5,Cell,16,16.0,507.0,345.0,-3.0,-19.0,0.0,20.210904837709435,19.235384061671343,0.0,0.0
5,Cell,17,17.0,507.0,345.0,-3.0,-19.0,0.0,20.210904837709435,19.235384061671343,0.0,0.0
5,Cell,18,18.0,507.0,345.0,-3.0,-19.0,0.0,20.210904837709435,19.235384061671343,0.0,0.0
5,Cell,19,19.0,507.0,345.0,-3.0,-19.0,0.0,20.210904837709435,19.235384061671343,0.0,0.0
5,Cell,20,20.0,507.0,345.0,-3.0,-19.0,0.0,20.210904837709435,19.235384061671343,0.0,0.0
5,Cell,21,21.0,503.0,345.0,-7.0,-19.0,4.0,24.210904837709435,20.248456731316587,4.0,180.0
5,Cell,22,22.0,503.0,345.0,-7.0,-19.0,0.0,24.210904837709435,20.248456731316587,0.0,0.0
5,Cell,23,23.0,500.0,345.0,-10.0,-19.0,3.0,27.210904837709435,21.470910553583888,3.0,180.0
5,Cell,24,24.0,494.0,342.0,-16.0,-22.0,6.708203932499369,33.91910877020881,27.202941017470888,6.708203932499369,-153.43494882292202
5,Cell,25,25.0,494.0,342.0,-16.0,-22.0,0.0,33.91910877020881,27.202941017470888,0.0,0.0
5,Cell,26,26.0,497.0,341.0,-13.0,-23.0,3.1622776601683795,37.08138643037719,26.419689627245813,3.1622776601683795,-18.43494882292201
5,Cell,27,27.0,497.0,341.0,-13.0,-23.0,0.0,37.08138643037719,26.419689627245813,0.0,0.0
5,Cell,28,28.0,505.0,343.0,-5.0,-21.0,8.246211251235321,45.32759768161251,21.587033144922902,8.246211251235321,14.036243467926477
5,Cell,29,29.0,505.0,343.0,-5.0,-21.0,0.0,45.32759768161251,21.587033144922902,0.0,0.0
6,Cell,0,0.0,587.0,350.0,0.0,0.0,0.0,0.0,0.0,0.0,0.0
6,Cell,1,1.0,587.0,350.0,0.0,0.0,0.0,0.0,0.0,0.0,0.0
6,Cell,2,2.0,587.0,350.0,0.0,0.0,0.0,0.0,0.0,0.0,0.0
6,Cell,3,3.0,587.0,350.0,0.0,0.0,0.0,0.0,0.0,0.0,0.0
6,Cell,4,4.0,587.0,350.0,0.0,0.0,0.0,0.0,0.0,0.0,0.0
6,Cell,5,5.0,587.0,349.0,0.0,-1.0,1.0,1.0,1.0,1.0,-90.0
6,Cell,6,6.0,587.0,348.0,0.0,-2.0,1.0,2.0,2.0,1.0,-90.0
6,Cell,7,7.0,587.0,348.0,0.0,-2.0,0.0,2.0,2.0,0.0,0.0
6,Cell,8,8.0,588.0,348.0,1.0,-2.0,1.0,3.0,2.23606797749979,1.0,0.0
6,Cell,9,9.0,588.0,348.0,1.0,-2.0,0.0,3.0,2.23606797749979,0.0,0.0
6,Cell,10,10.0,588.0,348.0,1.0,-2.0,0.0,3.0,2.23606797749979,0.0,0.0
6,Cell,11,11.0,588.0,348.0,1.0,-2.0,0.0,3.0,2.23606797749979,0.0,0.0
6,Cell,12,12.0,588.0,347.0,1.0,-3.0,1.0,4.0,3.1622776601683795,1.0,-90.0
6,Cell,13,13.0,588.0,347.0,1.0,-3.0,0.0,4.0,3.1622776601683795,0.0,0.0
6,Cell,14,14.0,588.0,347.0,1.0,-3.0,0.0,4.0,3.1622776601683795,0.0,0.0
6,Cell,15,15.0,588.0,347.0,1.0,-3.0,0.0,4.0,3.1622776601683795,0.0,0.0
6,Cell,16,16.0,588.0,347.0,1.0,-3.0,0.0,4.0,3.1622776601683795,0.0,0.0
6,Cell,17,17.0,589.0,345.0,2.0,-5.0,2.23606797749979,6.23606797749979,5.385164807134504,2.23606797749979,-63.43494882292201
6,Cell,18,18.0,589.0,345.0,2.0,-5.0,0.0,6.23606797749979,5.385164807134504,0.0,0.0
6,Cell,19,19.0,589.0,345.0,2.0,-5.0,0.0,6.23606797749979,5.385164807134504,0.0,0.0
6,Cell,20,20.0,589.0,345.0,2.0,-5.0,0.0,6.23606797749979,5.385164807134504,0.0,0.0
6,Cell,21,21.0,589.0,345.0,2.0,-5.0,0.0,6.23606797749979,5.385164807134504,0.0,0.0
6,Cell,22,22.0,581.0,342.0,-6.0,-8.0,8.54400374531753,14.78007172281732,10.0,8.54400374531753,-159.44395478041653
6,Cell,23,23.0,582.0,342.0,-5.0,-8.0,1.0,15.78007172281732,9.433981132056603,1.0,0.0
6,Cell,24,24.0,584.0,341.0,-3.0,-9.0,2.23606797749979,18.01613970031711,9.486832980505138,2.23606797749979,-26.56505117707799
6,Cell,25,25.0,584.0,341.0,-3.0,-9.0,0.0,18.01613970031711,9.486832980505138,0.0,0.0
6,Cell,26,26.0,584.0,341.0,-3.0,-9.0,0.0,18.01613970031711,9.486832980505138,0.0,0.0
6,Cell,27,27.0,588.0,347.0,1.0,-3.0,7.211102550927978,25.22724225124509,3.1622776601683795,7.211102550927978,56.309932474020215
6,Cell,28,28.0,588.0,347.0,1.0,-3.0,0.0,25.22724225124509,3.1622776601683795,0.0,0.0
6,Cell,29,29.0,588.0,341.0,1.0,-9.0,6.0,31.22724225124509,9.055385138137417,6.0,-90.0
15,Cell,0,0.0,642.0,615.0,0.0,0.0,0.0,0.0,0.0,0.0,0.0
15,Cell,1,1.0,642.0,615.0,0.0,0.0,0.0,0.0,0.0,0.0,0.0
15,Cell,2,2.0,642.0,615.0,0.0,0.0,0.0,0.0,0.0,0.0,0.0
15,Cell,3,3.0,642.0,615.0,0.0,0.0,0.0,0.0,0.0,0.0,0.0
15,Cell,4,4.0,642.0,615.0,0.0,0.0,0.0,0.0,0.0,0.0,0.0
15,Cell,5,5.0,642.0,615.0,0.0,0.0,0.0,0.0,0.0,0.0,0.0
15,Cell,6,6.0,642.0,615.0,0.0,0.0,0.0,0.0,0.0,0.0,0.0
15,Cell,7,7.0,642.0,615.0,0.0,0.0,0.0,0.0,0.0,0.0,0.0
15,Cell,8,8.0,642.0,615.0,0.0,0.0,0.0,0.0,0.0,0.0,0.0
15,Cell,9,9.0,642.0,614.0,0.0,-1.0,1.0,1.0,1.0,1.0,-90.0
15,Cell,10,10.0,648.0,611.0,6.0,-4.0,6.708203932499369,7.708203932499369,7.211102550927978,6.708203932499369,-26.56505117707799
15,Cell,11,11.0,650.0,610.0,8.0,-5.0,2.23606797749979,9.94427190999916,9.433981132056603,2.23606797749979,-26.56505117707799
15,Cell,12,12.0,655.0,607.0,13.0,-8.0,5.830951894845301,15.77522380484446,15.264337522473747,5.830951894845301,-30.96375653207352
15,Cell,13,13.0,655.0,607.0,13.0,-8.0,0.0,15.77522380484446,15.264337522473747,0.0,0.0
15,Cell,14,14.0,658.0,606.0,16.0,-9.0,3.1622776601683795,18.93750146501284,18.35755975068582,3.1622776601683795,-18.43494882292201
15,Cell,15,15.0,658.0,606.0,16.0,-9.0,0.0,18.93750146501284,18.35755975068582,0.0,0.0
15,Cell,16,16.0,666.0,605.0,24.0,-10.0,8.06225774829855,26.99975921331139,26.0,8.06225774829855,-7.125016348901798
15,Cell,17,17.0,667.0,605.0,25.0,-10.0,1.0,27.99975921331139,26.92582403567252,1.0,0.0
15,Cell,18,18.0,667.0,605.0,25.0,-10.0,0.0,27.99975921331139,26.92582403567252,0.0,0.0
15,Cell,19,19.0,667.0,605.0,25.0,-10.0,0.0,27.99975921331139,26.92582403567252,0.0,0.0
15,Cell,20,20.0,667.0,605.0,25.0,-10.0,0.0,27.99975921331139,26.92582403567252,0.0,0.0
15,Cell,21,21.0,667.0,605.0,25.0,-10.0,0.0,27.99975921331139,26.92582403567252,0.0,0.0
15,Cell,22,22.0,667.0,605.0,25.0,-10.0,0.0,27.99975921331139,26.92582403567252,0.0,0.0
15,Cell,23,23.0,667.0,605.0,25.0,-10.0,0.0,27.99975921331139,26.92582403567252,0.0,0.0
15,Cell,24,24.0,667.0,605.0,25.0,-10.0,0.0,27.99975921331139,26.92582403567252,0.0,0.0
15,Cell,25,25.0,671.0,609.0,29.0,-6.0,5.656854249492381,33.65661346280377,29.614185789921695,5.656854249492381,45.0
15,Cell,26,26.0,670.0,609.0,28.0,-6.0,1.0,34.65661346280377,28.635642126552707,1.0,180.0
15,Cell,27,27.0,679.0,609.0,37.0,-6.0,9.0,43.65661346280377,37.48332962798263,9.0,0.0
15,Cell,28,28.0,686.0,607.0,44.0,-8.0,7.280109889280518,50.936723352084286,44.721359549995796,7.280109889280518,-15.945395900922856
15,Cell,29,29.0,682.0,608.0,40.0,-7.0,4.123105625617661,55.05982897770195,40.607881008493905,4.123105625617661,165.96375653207352
36,Cell,0,0.0,867.0,185.0,0.0,0.0,0.0,0.0,0.0,0.0,0.0
36,Cell,1,1.0,862.0,189.0,-5.0,4.0,6.4031242374328485,6.4031242374328485,6.4031242374328485,6.4031242374328485,141.34019174590992
36,Cell,2,2.0,862.0,189.0,-5.0,4.0,0.0,6.4031242374328485,6.4031242374328485,0.0,0.0
36,Cell,3,3.0,860.0,188.0,-7.0,3.0,2.23606797749979,8.639192214932638,7.615773105863909,2.23606797749979,-153.43494882292202
36,Cell,4,4.0,855.0,186.0,-12.0,1.0,5.385164807134504,14.024357022067143,12.041594578792296,5.385164807134504,-158.19859051364818
36,Cell,5,5.0,854.0,185.0,-13.0,0.0,1.4142135623730951,15.438570584440239,13.0,1.4142135623730951,-135.0
36,Cell,6,6.0,854.0,185.0,-13.0,0.0,0.0,15.438570584440239,13.0,0.0,0.0
36,Cell,7,7.0,854.0,185.0,-13.0,0.0,0.0,15.438570584440239,13.0,0.0,0.0
36,Cell,8,8.0,854.0,185.0,-13.0,0.0,0.0,15.438570584440239,13.0,0.0,0.0
36,Cell,9,9.0,854.0,185.0,-13.0,0.0,0.0,15.438570584440239,13.0,0.0,0.0
36,Cell,10,10.0,855.0,181.0,-12.0,-4.0,4.123105625617661,19.5616762100579,12.649110640673518,4.123105625617661,-75.96375653207353
36,Cell,11,11.0,857.0,178.0,-10.0,-7.0,3.605551275463989,23.167227485521888,12.206555615733702,3.605551275463989,-56.309932474020215
36,Cell,12,12.0,857.0,178.0,-10.0,-7.0,0.0,23.167227485521888,12.206555615733702,0.0,0.0
36,Cell,13,13.0,859.0,176.0,-8.0,-9.0,2.8284271247461903,25.99565461026808,12.041594578792296,2.8284271247461903,-45.0
36,Cell,14,14.0,850.0,178.0,-17.0,-7.0,9.219544457292887,35.21519906756097,18.384776310850235,9.219544457292887,167.47119229084848
36,Cell,15,15.0,850.0,178.0,-17.0,-7.0,0.0,35.21519906756097,18.384776310850235,0.0,0.0
36,Cell,16,16.0,850.0,178.0,-17.0,-7.0,0.0,35.21519906756097,18.384776310850235,0.0,0.0
36,Cell,17,17.0,843.0,175.0,-24.0,-10.0,7.615773105863909,42.830972173424875,26.0,7.615773105863909,-156.80140948635182
36,Cell,18,18.0,843.0,175.0,-24.0,-10.0,0.0,42.830972173424875,26.0,0.0,0.0
36,Cell,19,19.0,843.0,175.0,-24.0,-10.0,0.0,42.830972173424875,26.0,0.0,0.0
36,Cell,20,20.0,843.0,175.0,-24.0,-10.0,0.0,42.830972173424875,26.0,0.0,0.0
36,Cell,21,21.0,843.0,175.0,-24.0,-10.0,0.0,42.830972173424875,26.0,0.0,0.0
36,Cell,22,22.0,843.0,175.0,-24.0,-10.0,0.0,42.830972173424875,26.0,0.0,0.0
36,Cell,23,23.0,843.0,175.0,-24.0,-10.0,0.0,42.830972173424875,26.0,0.0,0.0
36,Cell,24,24.0,840.0,174.0,-27.0,-11.0,3.1622776601683795,45.993249833593254,29.154759474226502,3.1622776601683795,-161.56505117707798
36,Cell,25,25.0,844.0,173.0,-23.0,-12.0,4.123105625617661,50.116355459210915,25.942243542145693,4.123105625617661,-14.036243467926477
36,Cell,26,26.0,845.0,173.0,-22.0,-12.0,1.0,51.116355459210915,25.059928172283335,1.0,0.0
36,Cell,27,27.0,845.0,173.0,-22.0,-12.0,0.0,51.116355459210915,25.059928172283335,0.0,0.0
36,Cell,28,28.0,845.0,173.0,-22.0,-12.0,0.0,51.116355459210915,25.059928172283335,0.0,0.0
36,Cell,29,29.0,845.0,173.0,-22.0,-12.0,0.0,51.116355459210915,25.059928172283335,0.0,0.0
27,Cell,0,0.0,1013.0,694.0,0.0,0.0,0.0,0.0,0.0,0.0,0.0
27,Cell,1,1.0,1012.0,698.0,-1.0,4.0,4.123105625617661,4.123105625617661,4.123105625617661,4.123105625617661,104.0362434679265
27,Cell,2,2.0,1011.0,703.0,-2.0,9.0,5.0990195135927845,9.222125139210444,9.219544457292887,5.0990195135927845,101.30993247402021
27,Cell,3,3.0,1009.0,703.0,-4.0,9.0,2.0,11.222125139210444,9.848857801796104,2.0,180.0
27,Cell,4,4.0,1009.0,703.0,-4.0,9.0,0.0,11.222125139210444,9.848857801796104,0.0,0.0
27,Cell,5,5.0,1010.0,704.0,-3.0,10.0,1.4142135623730951,12.63633870158354,10.44030650891055,1.4142135623730951,45.0
27,Cell,6,6.0,1011.0,702.0,-2.0,8.0,2.23606797749979,14.87240667908333,8.246211251235321,2.23606797749979,-63.43494882292201
27,Cell,7,7.0,1009.0,702.0,-4.0,8.0,2.0,16.87240667908333,8.94427190999916,2.0,180.0
27,Cell,8,8.0,1008.0,703.0,-5.0,9.0,1.4142135623730951,18.286620241456426,10.295630140987,1.4142135623730951,135.0
27,Cell,9,9.0,1006.0,702.0,-7.0,8.0,2.23606797749979,20.522688218956215,10.63014581273465,2.23606797749979,-153.43494882292202
27,Cell,10,10.0,1007.0,702.0,-6.0,8.0,1.0,21.522688218956215,10.0,1.0,0.0
27,Cell,11,11.0,1003.0,704.0,-10.0,10.0,4.47213595499958,25.994824173955795,14.142135623730951,4.47213595499958,153.43494882292202
27,Cell,12,12.0,997.0,703.0,-16.0,9.0,6.082762530298219,32.07758670425402,18.35755975068582,6.082762530298219,-170.5376777919744
27,Cell,13,13.0,996.0,703.0,-17.0,9.0,1.0,33.07758670425402,19.235384061671343,1.0,180.0
27,Cell,14,14.0,991.0,700.0,-22.0,6.0,5.830951894845301,38.908538599099316,22.80350850198276,5.830951894845301,-149.03624346792648
27,Cell,15,15.0,992.0,704.0,-21.0,10.0,4.123105625617661,43.03164422471698,23.259406699226016,4.123105625617661,75.96375653207353
27,Cell,16,16.0,994.0,703.0,-19.0,9.0,2.23606797749979,45.26771220221677,21.02379604162864,2.23606797749979,-26.56505117707799
27,Cell,17,17.0,990.0,705.0,-23.0,11.0,4.47213595499958,49.73984815721635,25.495097567963924,4.47213595499958,153.43494882292202
27,Cell,18,18.0,989.0,698.0,-24.0,4.0,7.0710678118654755,56.810915969081826,24.331050121192877,7.0710678118654755,-98.130102354156
27,Cell,19,19.0,989.0,696.0,-24.0,2.0,2.0,58.810915969081826,24.08318915758459,2.0,-90.0
27,Cell,20,20.0,990.0,692.0,-23.0,-2.0,4.123105625617661,62.93402159469949,23.08679276123039,4.123105625617661,-75.96375653207353
27,Cell,21,21.0,983.5,689.0,-29.5,-5.0,7.158910531638177,70.09293212633766,29.920728600754362,7.158910531638177,-155.22485943116808
27,Cell,22,22.0,983.0,687.0,-30.0,-7.0,2.0615528128088303,72.15448493914649,30.805843601498726,2.0615528128088303,-104.0362434679265
27,Cell,23,23.0,975.0,682.0,-38.0,-12.0,9.433981132056603,81.58846607120309,39.84971769034255,9.433981132056603,-147.99461679191648
27,Cell,24,24.0,973.0,684.0,-40.0,-10.0,2.8284271247461903,84.41689319594927,41.23105625617661,2.8284271247461903,135.0
27,Cell,25,25.0,971.0,683.0,-42.0,-11.0,2.23606797749979,86.65296117344906,43.41658669218482,2.23606797749979,-153.43494882292202
27,Cell,26,26.0,970.0,684.0,-43.0,-10.0,1.4142135623730951,88.06717473582215,44.14748010928823,1.4142135623730951,135.0
27,Cell,27,27.0,966.0,680.0,-47.0,-14.0,5.656854249492381,93.72402898531453,49.040799340956916,5.656854249492381,-135.0
27,Cell,28,28.0,965.0,681.0,-48.0,-13.0,1.4142135623730951,95.13824254768763,49.72926703662542,1.4142135623730951,135.0
27,Cell,29,29.0,964.0,680.0,-49.0,-14.0,1.4142135623730951,96.55245611006072,50.96076922496363,1.4142135623730951,-135.0
14,Cell,0,0.0,602.0,728.0,0.0,0.0,0.0,0.0,0.0,0.0,0.0
14,Cell,1,1.0,602.0,728.0,0.0,0.0,0.0,0.0,0.0,0.0,0.0
14,Cell,2,2.0,601.0,735.0,-1.0,7.0,7.0710678118654755,7.0710678118654755,7.0710678118654755,7.0710678118654755,98.130102354156
14,Cell,3,3.0,601.0,735.0,-1.0,7.0,0.0,7.0710678118654755,7.0710678118654755,0.0,0.0
14,Cell,4,4.0,601.0,735.0,-1.0,7.0,0.0,7.0710678118654755,7.0710678118654755,0.0,0.0
14,Cell,5,5.0,601.0,735.0,-1.0,7.0,0.0,7.0710678118654755,7.0710678118654755,0.0,0.0
14,Cell,6,6.0,601.0,735.0,-1.0,7.0,0.0,7.0710678118654755,7.0710678118654755,0.0,0.0
14,Cell,7,7.0,601.0,735.0,-1.0,7.0,0.0,7.0710678118654755,7.0710678118654755,0.0,0.0
14,Cell,8,8.0,601.0,735.0,-1.0,7.0,0.0,7.0710678118654755,7.0710678118654755,0.0,0.0
14,Cell,9,9.0,601.0,735.0,-1.0,7.0,0.0,7.0710678118654755,7.0710678118654755,0.0,0.0
14,Cell,10,10.0,601.0,735.0,-1.0,7.0,0.0,7.0710678118654755,7.0710678118654755,0.0,0.0
14,Cell,11,11.0,607.0,733.0,5.0,5.0,6.324555320336759,13.395623132202235,7.0710678118654755,6.324555320336759,-18.43494882292201
14,Cell,12,12.0,607.0,733.0,5.0,5.0,0.0,13.395623132202235,7.0710678118654755,0.0,0.0
14,Cell,13,13.0,607.0,733.0,5.0,5.0,0.0,13.395623132202235,7.0710678118654755,0.0,0.0
14,Cell,14,14.0,607.0,733.0,5.0,5.0,0.0,13.395623132202235,7.0710678118654755,0.0,0.0
14,Cell,15,15.0,607.0,733.0,5.0,5.0,0.0,13.395623132202235,7.0710678118654755,0.0,0.0
14,Cell,16,16.0,607.0,733.0,5.0,5.0,0.0,13.395623132202235,7.0710678118654755,0.0,0.0
14,Cell,17,17.0,607.0,733.0,5.0,5.0,0.0,13.395623132202235,7.0710678118654755,0.0,0.0
14,Cell,18,18.0,607.0,733.0,5.0,5.0,0.0,13.395623132202235,7.0710678118654755,0.0,0.0
14,Cell,19,19.0,607.0,733.0,5.0,5.0,0.0,13.395623132202235,7.0710678118654755,0.0,0.0
14,Cell,20,20.0,607.0,733.0,5.0,5.0,0.0,13.395623132202235,7.0710678118654755,0.0,0.0
14,Cell,21,21.0,607.0,733.0,5.0,5.0,0.0,13.395623132202235,7.0710678118654755,0.0,0.0
14,Cell,22,22.0,607.0,733.0,5.0,5.0,0.0,13.395623132202235,7.0710678118654755,0.0,0.0
14,Cell,23,23.0,607.0,733.0,5.0,5.0,0.0,13.395623132202235,7.0710678118654755,0.0,0.0
14,Cell,24,24.0,607.0,733.0,5.0,5.0,0.0,13.395623132202235,7.0710678118654755,0.0,0.0
14,Cell,25,25.0,607.0,733.0,5.0,5.0,0.0,13.395623132202235,7.0710678118654755,0.0,0.0
14,Cell,26,26.0,616.0,730.0,14.0,2.0,9.486832980505138,22.882456112707374,14.142135623730951,9.486832980505138,-18.43494882292201
14,Cell,27,27.0,616.0,730.0,14.0,2.0,0.0,22.882456112707374,14.142135623730951,0.0,0.0
14,Cell,28,28.0,616.0,730.0,14.0,2.0,0.0,22.882456112707374,14.142135623730951,0.0,0.0
14,Cell,29,29.0,616.0,730.0,14.0,2.0,0.0,22.882456112707374,14.142135623730951,0.0,0.0
18,Cell,0,0.0,776.0,793.0,0.0,0.0,0.0,0.0,0.0,0.0,0.0
18,Cell,1,1.0,776.0,793.0,0.0,0.0,0.0,0.0,0.0,0.0,0.0
18,Cell,2,2.0,779.0,787.0,3.0,-6.0,6.708203932499369,6.708203932499369,6.708203932499369,6.708203932499369,-63.43494882292201
18,Cell,3,3.0,779.0,786.0,3.0,-7.0,1.0,7.708203932499369,7.615773105863909,1.0,-90.0
18,Cell,4,4.0,778.0,781.0,2.0,-12.0,5.0990195135927845,12.807223446092154,12.165525060596439,5.0990195135927845,-101.30993247402021
18,Cell,5,5.0,778.0,781.0,2.0,-12.0,0.0,12.807223446092154,12.165525060596439,0.0,0.0
18,Cell,6,6.0,778.0,781.0,2.0,-12.0,0.0,12.807223446092154,12.165525060596439,0.0,0.0
18,Cell,7,7.0,773.0,781.0,-3.0,-12.0,5.0,17.807223446092152,12.36931687685298,5.0,180.0
18,Cell,8,8.0,773.0,781.0,-3.0,-12.0,0.0,17.807223446092152,12.36931687685298,0.0,0.0
18,Cell,9,9.0,771.0,783.0,-5.0,-10.0,2.8284271247461903,20.635650570838344,11.180339887498949,2.8284271247461903,135.0
18,Cell,10,10.0,771.0,783.0,-5.0,-10.0,0.0,20.635650570838344,11.180339887498949,0.0,0.0
18,Cell,11,11.0,771.0,783.0,-5.0,-10.0,0.0,20.635650570838344,11.180339887498949,0.0,0.0
18,Cell,12,12.0,769.0,779.0,-7.0,-14.0,4.47213595499958,25.107786525837923,15.652475842498529,4.47213595499958,-116.56505117707799
18,Cell,13,13.0,769.0,779.0,-7.0,-14.0,0.0,25.107786525837923,15.652475842498529,0.0,0.0
18,Cell,14,14.0,769.0,779.0,-7.0,-14.0,0.0,25.107786525837923,15.652475842498529,0.0,0.0
18,Cell,15,15.0,764.0,780.0,-12.0,-13.0,5.0990195135927845,30.20680603943071,17.69180601295413,5.0990195135927845,168.6900675259798
18,Cell,16,16.0,757.0,780.0,-19.0,-13.0,7.0,37.20680603943071,23.021728866442675,7.0,180.0
18,Cell,17,17.0,757.0,780.0,-19.0,-13.0,0.0,37.20680603943071,23.021728866442675,0.0,0.0
18,Cell,18,18.0,757.0,781.0,-19.0,-12.0,1.0,38.20680603943071,22.47220505424423,1.0,90.0
18,Cell,19,19.0,755.0,791.0,-21.0,-2.0,10.198039027185569,48.404845066616275,21.095023109728988,10.198039027185569,101.30993247402021
18,Cell,20,20.0,754.0,793.0,-22.0,0.0,2.23606797749979,50.64091304411606,22.0,2.23606797749979,116.56505117707799
18,Cell,21,21.0,747.0,796.0,-29.0,3.0,7.615773105863909,58.25668614997997,29.154759474226502,7.615773105863909,156.80140948635182
18,Cell,22,22.0,747.0,796.0,-29.0,3.0,0.0,58.25668614997997,29.154759474226502,0.0,0.0
18,Cell,23,23.0,740.0,799.0,-36.0,6.0,7.615773105863909,65.87245925584388,36.49657518178932,7.615773105863909,156.80140948635182
18,Cell,24,24.0,736.0,799.0,-40.0,6.0,4.0,69.87245925584388,40.44749683231337,4.0,180.0
18,Cell,25,25.0,740.0,794.0,-36.0,1.0,6.4031242374328485,76.27558349327673,36.013886210738214,6.4031242374328485,-51.34019174590991
18,Cell,26,26.0,735.0,799.0,-41.0,6.0,7.0710678118654755,83.3466513051422,41.43669871020132,7.0710678118654755,135.0
18,Cell,27,27.0,731.0,801.0,-45.0,8.0,4.47213595499958,87.81878726014179,45.70557952810576,4.47213595499958,153.43494882292202
18,Cell,28,28.0,731.0,801.0,-45.0,8.0,0.0,87.81878726014179,45.70557952810576,0.0,0.0
18,Cell,29,29.0,731.0,801.0,-45.0,8.0,0.0,87.81878726014179,45.70557952810576,0.0,0.0
19,Cell,0,0.0,804.0,824.0,0.0,0.0,0.0,0.0,0.0,0.0,0.0
19,Cell,1,1.0,804.0,824.0,0.0,0.0,0.0,0.0,0.0,0.0,0.0
19,Cell,2,2.0,804.0,824.0,0.0,0.0,0.0,0.0,0.0,0.0,0.0
19,Cell,3,3.0,804.0,824.0,0.0,0.0,0.0,0.0,0.0,0.0,0.0
19,Cell,4,4.0,804.0,824.0,0.0,0.0,0.0,0.0,0.0,0.0,0.0
19,Cell,5,5.0,804.0,824.0,0.0,0.0,0.0,0.0,0.0,0.0,0.0
19,Cell,6,6.0,804.0,824.0,0.0,0.0,0.0,0.0,0.0,0.0,0.0
19,Cell,7,7.0,804.0,829.0,0.0,5.0,5.0,5.0,5.0,5.0,90.0
19,Cell,8,8.0,806.0,832.0,2.0,8.0,3.605551275463989,8.60555127546399,8.246211251235321,3.605551275463989,56.309932474020215
19,Cell,9,9.0,806.0,832.0,2.0,8.0,0.0,8.60555127546399,8.246211251235321,0.0,0.0
19,Cell,10,10.0,806.0,832.0,2.0,8.0,0.0,8.60555127546399,8.246211251235321,0.0,0.0
19,Cell,11,11.0,806.0,832.0,2.0,8.0,0.0,8.60555127546399,8.246211251235321,0.0,0.0
19,Cell,12,12.0,808.0,839.0,4.0,15.0,7.280109889280518,15.885661164744509,15.524174696260024,7.280109889280518,74.05460409907715
19,Cell,13,13.0,806.0,843.0,2.0,19.0,4.47213595499958,20.357797119744088,19.1049731745428,4.47213595499958,116.56505117707799
19,Cell,14,14.0,806.0,842.0,2.0,18.0,1.0,21.357797119744088,18.110770276274835,1.0,-90.0
19,Cell,15,15.0,796.0,840.0,-8.0,16.0,10.198039027185569,31.555836146929657,17.88854381999832,10.198039027185569,-168.6900675259798
19,Cell,16,16.0,796.0,840.0,-8.0,16.0,0.0,31.555836146929657,17.88854381999832,0.0,0.0
19,Cell,17,17.0,796.0,840.0,-8.0,16.0,0.0,31.555836146929657,17.88854381999832,0.0,0.0
19,Cell,18,18.0,796.0,840.0,-8.0,16.0,0.0,31.555836146929657,17.88854381999832,0.0,0.0
19,Cell,19,19.0,798.0,838.5,-6.0,14.5,2.5,34.05583614692966,15.692354826475215,2.5,-36.86989764584402
19,Cell,20,20.0,798.0,839.0,-6.0,15.0,0.5,34.55583614692966,16.15549442140351,0.5,90.0
19,Cell,21,21.0,799.0,838.0,-5.0,14.0,1.4142135623730951,35.97004970930275,14.866068747318506,1.4142135623730951,-45.0
19,Cell,22,22.0,799.0,838.0,-5.0,14.0,0.0,35.97004970930275,14.866068747318506,0.0,0.0
19,Cell,23,23.0,800.0,836.0,-4.0,12.0,2.23606797749979,38.20611768680254,12.649110640673518,2.23606797749979,-63.43494882292201
19,Cell,24,24.0,801.0,836.0,-3.0,12.0,1.0,39.20611768680254,12.36931687685298,1.0,0.0
19,Cell,25,25.0,810.0,838.0,6.0,14.0,9.219544457292887,48.425662144095426,15.231546211727817,9.219544457292887,12.528807709151511
19,Cell,26,26.0,810.0,837.0,6.0,13.0,1.0,49.425662144095426,14.317821063276353,1.0,-90.0
19,Cell,27,27.0,811.0,837.0,7.0,13.0,1.0,50.425662144095426,14.7648230602334,1.0,0.0
19,Cell,28,28.0,811.0,838.0,7.0,14.0,1.0,51.425662144095426,15.652475842498529,1.0,90.0
19,Cell,29,29.0,810.0,837.0,6.0,13.0,1.4142135623730951,52.83987570646852,14.317821063276353,1.4142135623730951,-135.0
37,Cell,0,0.0,821.0,170.0,0.0,0.0,0.0,0.0,0.0,0.0,0.0
37,Cell,1,1.0,818.0,170.0,-3.0,0.0,3.0,3.0,3.0,3.0,180.0
37,Cell,2,2.0,810.0,172.0,-11.0,2.0,8.246211251235321,11.246211251235321,11.180339887498949,8.246211251235321,165.96375653207352
37,Cell,3,3.0,810.0,172.0,-11.0,2.0,0.0,11.246211251235321,11.180339887498949,0.0,0.0
37,Cell,4,4.0,806.0,171.0,-15.0,1.0,4.123105625617661,15.36931687685298,15.033296378372908,4.123105625617661,-165.96375653207352
37,Cell,5,5.0,806.0,171.0,-15.0,1.0,0.0,15.36931687685298,15.033296378372908,0.0,0.0
37,Cell,6,6.0,806.0,171.0,-15.0,1.0,0.0,15.36931687685298,15.033296378372908,0.0,0.0
37,Cell,7,7.0,795.0,168.0,-26.0,-2.0,11.40175425099138,26.77107112784436,26.076809620810597,11.40175425099138,-164.74488129694225
37,Cell,8,8.0,795.0,168.0,-26.0,-2.0,0.0,26.77107112784436,26.076809620810597,0.0,0.0
37,Cell,9,9.0,798.0,166.0,-23.0,-4.0,3.605551275463989,30.376622403308346,23.345235059857504,3.605551275463989,-33.690067525979785
37,Cell,10,10.0,801.0,167.0,-20.0,-3.0,3.1622776601683795,33.538900063476724,20.223748416156685,3.1622776601683795,18.43494882292201
37,Cell,11,11.0,804.0,167.0,-17.0,-3.0,3.0,36.538900063476724,17.26267650163207,3.0,0.0
37,Cell,12,12.0,800.0,165.0,-21.0,-5.0,4.47213595499958,41.011036018476304,21.587033144922902,4.47213595499958,-153.43494882292202
37,Cell,13,13.0,800.0,165.0,-21.0,-5.0,0.0,41.011036018476304,21.587033144922902,0.0,0.0
37,Cell,14,14.0,797.0,162.0,-24.0,-8.0,4.242640687119285,45.25367670559559,25.298221281347036,4.242640687119285,-135.0
37,Cell,15,15.0,794.0,159.0,-27.0,-11.0,4.242640687119285,49.49631739271487,29.154759474226502,4.242640687119285,-135.0
37,Cell,16,16.0,791.0,156.0,-30.0,-14.0,4.242640687119285,53.738958079834156,33.1058907144937,4.242640687119285,-135.0
37,Cell,17,17.0,791.0,156.0,-30.0,-14.0,0.0,53.738958079834156,33.1058907144937,0.0,0.0
37,Cell,18,18.0,787.0,152.0,-34.0,-18.0,5.656854249492381,59.39581232932654,38.47076812334269,5.656854249492381,-135.0
37,Cell,19,19.0,789.0,154.0,-32.0,-16.0,2.8284271247461903,62.22423945407273,35.77708763999664,2.8284271247461903,45.0
37,Cell,20,20.0,789.0,154.0,-32.0,-16.0,0.0,62.22423945407273,35.77708763999664,0.0,0.0
37,Cell,21,21.0,789.0,152.0,-32.0,-18.0,2.0,64.22423945407273,36.71511950137164,2.0,-90.0
37,Cell,22,22.0,788.0,148.0,-33.0,-22.0,4.123105625617661,68.34734507969038,39.66106403010388,4.123105625617661,-104.0362434679265
37,Cell,23,23.0,792.0,148.0,-29.0,-22.0,4.0,72.34734507969038,36.40054944640259,4.0,0.0
37,Cell,24,24.0,792.0,148.0,-29.0,-22.0,0.0,72.34734507969038,36.40054944640259,0.0,0.0
37,Cell,25,25.0,801.0,148.0,-20.0,-22.0,9.0,81.34734507969038,29.732137494637012,9.0,0.0
37,Cell,26,26.0,800.0,148.0,-21.0,-22.0,1.0,82.34734507969038,30.4138126514911,1.0,180.0
37,Cell,27,27.0,800.0,149.0,-21.0,-21.0,1.0,83.34734507969038,29.698484809834994,1.0,90.0
37,Cell,28,28.0,800.0,149.0,-21.0,-21.0,0.0,83.34734507969038,29.698484809834994,0.0,0.0
37,Cell,29,29.0,800.0,149.0,-21.0,-21.0,0.0,83.34734507969038,29.698484809834994,0.0,0.0
8,Cell,0,0.0,571.0,449.0,0.0,0.0,0.0,0.0,0.0,0.0,0.0
8,Cell,1,1.0,571.0,449.0,0.0,0.0,0.0,0.0,0.0,0.0,0.0
8,Cell,2,2.0,571.0,449.0,0.0,0.0,0.0,0.0,0.0,0.0,0.0
8,Cell,3,3.0,571.0,449.0,0.0,0.0,0.0,0.0,0.0,0.0,0.0
8,Cell,4,4.0,571.0,449.0,0.0,0.0,0.0,0.0,0.0,0.0,0.0
8,Cell,5,5.0,571.0,449.0,0.0,0.0,0.0,0.0,0.0,0.0,0.0
8,Cell,6,6.0,571.0,449.0,0.0,0.0,0.0,0.0,0.0,0.0,0.0
8,Cell,7,7.0,571.0,449.0,0.0,0.0,0.0,0.0,0.0,0.0,0.0
8,Cell,8,8.0,571.0,449.0,0.0,0.0,0.0,0.0,0.0,0.0,0.0
8,Cell,9,9.0,571.0,449.0,0.0,0.0,0.0,0.0,0.0,0.0,0.0
8,Cell,10,10.0,571.0,449.0,0.0,0.0,0.0,0.0,0.0,0.0,0.0
8,Cell,11,11.0,574.0,437.5,3.0,-11.5,11.884864324004713,11.884864324004713,11.884864324004713,11.884864324004713,-75.37912601136834
8,Cell,12,12.0,574.0,435.0,3.0,-14.0,2.5,14.384864324004713,14.317821063276353,2.5,-90.0
8,Cell,13,13.0,574.0,435.0,3.0,-14.0,0.0,14.384864324004713,14.317821063276353,0.0,0.0
8,Cell,14,14.0,574.0,435.0,3.0,-14.0,0.0,14.384864324004713,14.317821063276353,0.0,0.0
8,Cell,15,15.0,573.0,431.0,2.0,-18.0,4.123105625617661,18.507969949622375,18.110770276274835,4.123105625617661,-104.0362434679265
8,Cell,16,16.0,573.0,431.0,2.0,-18.0,0.0,18.507969949622375,18.110770276274835,0.0,0.0
8,Cell,17,17.0,573.0,431.0,2.0,-18.0,0.0,18.507969949622375,18.110770276274835,0.0,0.0
8,Cell,18,18.0,573.0,431.0,2.0,-18.0,0.0,18.507969949622375,18.110770276274835,0.0,0.0
8,Cell,19,19.0,578.0,431.0,7.0,-18.0,5.0,23.507969949622375,19.313207915827967,5.0,0.0
8,Cell,20,20.0,578.0,431.0,7.0,-18.0,0.0,23.507969949622375,19.313207915827967,0.0,0.0
8,Cell,21,21.0,578.0,429.0,7.0,-20.0,2.0,25.507969949622375,21.18962010041709,2.0,-90.0
8,Cell,22,22.0,578.0,429.0,7.0,-20.0,0.0,25.507969949622375,21.18962010041709,0.0,0.0
8,Cell,23,23.0,585.0,434.0,14.0,-15.0,8.602325267042627,34.110295216665,20.518284528683193,8.602325267042627,35.53767779197438
8,Cell,24,24.0,587.0,440.0,16.0,-9.0,6.324555320336759,40.43485053700176,18.35755975068582,6.324555320336759,71.56505117707799
8,Cell,25,25.0,589.0,449.0,18.0,0.0,9.219544457292887,49.65439499429465,18.0,9.219544457292887,77.47119229084849
8,Cell,26,26.0,589.0,449.0,18.0,0.0,0.0,49.65439499429465,18.0,0.0,0.0
8,Cell,27,27.0,589.0,449.0,18.0,0.0,0.0,49.65439499429465,18.0,0.0,0.0
8,Cell,28,28.0,589.0,449.0,18.0,0.0,0.0,49.65439499429465,18.0,0.0,0.0
8,Cell,29,29.0,589.0,449.0,18.0,0.0,0.0,49.65439499429465,18.0,0.0,0.0
7,Cell,0,0.0,650.0,396.0,0.0,0.0,0.0,0.0,0.0,0.0,0.0
7,Cell,1,1.0,651.0,396.0,1.0,0.0,1.0,1.0,1.0,1.0,0.0
7,Cell,2,2.0,651.0,396.0,1.0,0.0,0.0,1.0,1.0,0.0,0.0
7,Cell,3,3.0,651.0,396.0,1.0,0.0,0.0,1.0,1.0,0.0,0.0
7,Cell,4,4.0,651.0,396.0,1.0,0.0,0.0,1.0,1.0,0.0,0.0
7,Cell,5,5.0,651.0,396.0,1.0,0.0,0.0,1.0,1.0,0.0,0.0
7,Cell,6,6.0,651.0,396.0,1.0,0.0,0.0,1.0,1.0,0.0,0.0
7,Cell,7,7.0,650.0,408.0,0.0,12.0,12.041594578792296,13.041594578792296,12.0,12.041594578792296,94.76364169072617
7,Cell,8,8.0,650.0,408.0,0.0,12.0,0.0,13.041594578792296,12.0,0.0,0.0
7,Cell,9,9.0,650.0,408.0,0.0,12.0,0.0,13.041594578792296,12.0,0.0,0.0
7,Cell,10,10.0,650.0,408.0,0.0,12.0,0.0,13.041594578792296,12.0,0.0,0.0
7,Cell,11,11.0,650.0,408.0,0.0,12.0,0.0,13.041594578792296,12.0,0.0,0.0
7,Cell,12,12.0,650.0,407.0,0.0,11.0,1.0,14.041594578792296,11.0,1.0,-90.0
7,Cell,13,13.0,650.0,407.0,0.0,11.0,0.0,14.041594578792296,11.0,0.0,0.0
7,Cell,14,14.0,650.0,407.0,0.0,11.0,0.0,14.041594578792296,11.0,0.0,0.0
7,Cell,15,15.0,650.0,406.5,0.0,10.5,0.5,14.541594578792296,10.5,0.5,-90.0
7,Cell,16,16.0,650.0,406.0,0.0,10.0,0.5,15.041594578792296,10.0,0.5,-90.0
7,Cell,17,17.0,650.0,406.0,0.0,10.0,0.0,15.041594578792296,10.0,0.0,0.0
7,Cell,18,18.0,650.0,406.0,0.0,10.0,0.0,15.041594578792296,10.0,0.0,0.0
7,Cell,19,19.0,656.0,411.0,6.0,15.0,7.810249675906654,22.85184425469895,16.15549442140351,7.810249675906654,39.80557109226519
7,Cell,20,20.0,656.0,411.0,6.0,15.0,0.0,22.85184425469895,16.15549442140351,0.0,0.0
7,Cell,21,21.0,660.0,414.0,10.0,18.0,5.0,27.85184425469895,20.591260281974,5.0,36.86989764584402
7,Cell,22,22.0,660.0,414.0,10.0,18.0,0.0,27.85184425469895,20.591260281974,0.0,0.0
7,Cell,23,23.0,660.0,414.0,10.0,18.0,0.0,27.85184425469895,20.591260281974,0.0,0.0
7,Cell,24,24.0,660.0,414.0,10.0,18.0,0.0,27.85184425469895,20.591260281974,0.0,0.0
7,Cell,25,25.0,660.0,414.0,10.0,18.0,0.0,27.85184425469895,20.591260281974,0.0,0.0
7,Cell,26,26.0,660.0,414.0,10.0,18.0,0.0,27.85184425469895,20.591260281974,0.0,0.0
7,Cell,27,27.0,660.0,414.0,10.0,18.0,0.0,27.85184425469895,20.591260281974,0.0,0.0
7,Cell,28,28.0,660.0,414.0,10.0,18.0,0.0,27.85184425469895,20.591260281974,0.0,0.0
7,Cell,29,29.0,664.0,424.0,14.0,28.0,10.770329614269007,38.622173868967955,31.304951684997057,10.770329614269007,68.19859051364818
11,Cell,0,0.0,432.0,708.0,0.0,0.0,0.0,0.0,0.0,0.0,0.0
11,Cell,1,1.0,432.0,708.0,0.0,0.0,0.0,0.0,0.0,0.0,0.0
11,Cell,2,2.0,432.0,708.0,0.0,0.0,0.0,0.0,0.0,0.0,0.0
11,Cell,3,3.0,432.0,708.0,0.0,0.0,0.0,0.0,0.0,0.0,0.0
11,Cell,4,4.0,432.0,708.0,0.0,0.0,0.0,0.0,0.0,0.0,0.0
11,Cell,5,5.0,432.0,708.0,0.0,0.0,0.0,0.0,0.0,0.0,0.0
11,Cell,6,6.0,428.0,700.0,-4.0,-8.0,8.94427190999916,8.94427190999916,8.94427190999916,8.94427190999916,-116.56505117707799
11,Cell,7,7.0,428.0,700.0,-4.0,-8.0,0.0,8.94427190999916,8.94427190999916,0.0,0.0
11,Cell,8,8.0,428.0,700.0,-4.0,-8.0,0.0,8.94427190999916,8.94427190999916,0.0,0.0
11,Cell,9,9.0,429.0,699.0,-3.0,-9.0,1.4142135623730951,10.358485472372255,9.486832980505138,1.4142135623730951,-45.0
11,Cell,10,10.0,438.0,695.0,6.0,-13.0,9.848857801796104,20.20734327416836,14.317821063276353,9.848857801796104,-23.962488974578186
11,Cell,11,11.0,438.0,695.0,6.0,-13.0,0.0,20.20734327416836,14.317821063276353,0.0,0.0
11,Cell,12,12.0,438.0,695.0,6.0,-13.0,0.0,20.20734327416836,14.317821063276353,0.0,0.0
11,Cell,13,13.0,438.0,695.0,6.0,-13.0,0.0,20.20734327416836,14.317821063276353,0.0,0.0
11,Cell,14,14.0,438.0,695.0,6.0,-13.0,0.0,20.20734327416836,14.317821063276353,0.0,0.0
11,Cell,15,15.0,435.0,696.0,3.0,-12.0,3.1622776601683795,23.369620934336737,12.36931687685298,3.1622776601683795,161.56505117707798
11,Cell,16,16.0,435.0,696.0,3.0,-12.0,0.0,23.369620934336737,12.36931687685298,0.0,0.0
11,Cell,17,17.0,435.0,696.0,3.0,-12.0,0.0,23.369620934336737,12.36931687685298,0.0,0.0
11,Cell,18,18.0,423.0,699.0,-9.0,-9.0,12.36931687685298,35.738937811189714,12.727922061357855,12.36931687685298,165.96375653207352
11,Cell,19,19.0,424.0,698.0,-8.0,-10.0,1.4142135623730951,37.15315137356281,12.806248474865697,1.4142135623730951,-45.0
11,Cell,20,20.0,426.0,697.0,-6.0,-11.0,2.23606797749979,39.38921935106259,12.529964086141668,2.23606797749979,-26.56505117707799
11,Cell,21,21.0,429.0,696.0,-3.0,-12.0,3.1622776601683795,42.55149701123097,12.36931687685298,3.1622776601683795,-18.43494882292201
11,Cell,22,22.0,429.0,694.0,-3.0,-14.0,2.0,44.55149701123097,14.317821063276353,2.0,-90.0
11,Cell,23,23.0,429.0,694.0,-3.0,-14.0,0.0,44.55149701123097,14.317821063276353,0.0,0.0
11,Cell,24,24.0,429.0,694.0,-3.0,-14.0,0.0,44.55149701123097,14.317821063276353,0.0,0.0
11,Cell,25,25.0,429.0,694.0,-3.0,-14.0,0.0,44.55149701123097,14.317821063276353,0.0,0.0
11,Cell,26,26.0,429.0,694.0,-3.0,-14.0,0.0,44.55149701123097,14.317821063276353,0.0,0.0
11,Cell,27,27.0,429.0,694.0,-3.0,-14.0,0.0,44.55149701123097,14.317821063276353,0.0,0.0
11,Cell,28,28.0,429.0,694.0,-3.0,-14.0,0.0,44.55149701123097,14.317821063276353,0.0,0.0
11,Cell,29,29.0,429.0,694.0,-3.0,-14.0,0.0,44.55149701123097,14.317821063276353,0.0,0.0
26,Cell,0,0.0,967.0,717.0,0.0,0.0,0.0,0.0,0.0,0.0,0.0
26,Cell,1,1.0,966.0,717.0,-1.0,0.0,1.0,1.0,1.0,1.0,180.0
26,Cell,2,2.0,966.0,717.0,-1.0,0.0,0.0,1.0,1.0,0.0,0.0
26,Cell,3,3.0,966.0,717.0,-1.0,0.0,0.0,1.0,1.0,0.0,0.0
26,Cell,4,4.0,966.0,717.0,-1.0,0.0,0.0,1.0,1.0,0.0,0.0
26,Cell,5,5.0,966.0,717.0,-1.0,0.0,0.0,1.0,1.0,0.0,0.0
26,Cell,6,6.0,964.0,719.0,-3.0,2.0,2.8284271247461903,3.8284271247461903,3.605551275463989,2.8284271247461903,135.0
26,Cell,7,7.0,964.0,719.0,-3.0,2.0,0.0,3.8284271247461903,3.605551275463989,0.0,0.0
26,Cell,8,8.0,964.0,719.0,-3.0,2.0,0.0,3.8284271247461903,3.605551275463989,0.0,0.0
26,Cell,9,9.0,964.0,719.0,-3.0,2.0,0.0,3.8284271247461903,3.605551275463989,0.0,0.0
26,Cell,10,10.0,964.0,719.0,-3.0,2.0,0.0,3.8284271247461903,3.605551275463989,0.0,0.0
26,Cell,11,11.0,964.0,719.0,-3.0,2.0,0.0,3.8284271247461903,3.605551275463989,0.0,0.0
26,Cell,12,12.0,961.0,721.0,-6.0,4.0,3.605551275463989,7.433978400210179,7.211102550927978,3.605551275463989,146.30993247402023
26,Cell,13,13.0,960.385342789598,721.3853427895981,-6.614657210402015,4.3853427895980985,0.7254602344680455,8.159438634678224,7.9363040134185505,0.7254602344680455,147.91545168925919
26,Cell,14,14.0,954.0,727.0,-13.0,10.0,8.502762970410796,16.66220160508902,16.401219466856727,8.502762970410796,138.6747057817576
26,Cell,15,15.0,954.0,727.0,-13.0,10.0,0.0,16.66220160508902,16.401219466856727,0.0,0.0
26,Cell,16,16.0,954.0,727.0,-13.0,10.0,0.0,16.66220160508902,16.401219466856727,0.0,0.0
26,Cell,17,17.0,952.0,728.0,-15.0,11.0,2.23606797749979,18.89826958258881,18.601075237738275,2.23606797749979,153.43494882292202
26,Cell,18,18.0,952.0,731.0,-15.0,14.0,3.0,21.89826958258881,20.518284528683193,3.0,90.0
26,Cell,19,19.0,952.0,731.0,-15.0,14.0,0.0,21.89826958258881,20.518284528683193,0.0,0.0
26,Cell,20,20.0,952.0,731.0,-15.0,14.0,0.0,21.89826958258881,20.518284528683193,0.0,0.0
26,Cell,21,21.0,952.0,731.0,-15.0,14.0,0.0,21.89826958258881,20.518284528683193,0.0,0.0
26,Cell,22,22.0,952.0,731.0,-15.0,14.0,0.0,21.89826958258881,20.518284528683193,0.0,0.0
26,Cell,23,23.0,952.0,731.0,-15.0,14.0,0.0,21.89826958258881,20.518284528683193,0.0,0.0
26,Cell,24,24.0,952.0,731.0,-15.0,14.0,0.0,21.89826958258881,20.518284528683193,0.0,0.0
26,Cell,25,25.0,952.0,731.0,-15.0,14.0,0.0,21.89826958258881,20.518284528683193,0.0,0.0
26,Cell,26,26.0,952.0,731.0,-15.0,14.0,0.0,21.89826958258881,20.518284528683193,0.0,0.0
26,Cell,27,27.0,952.0,731.0,-15.0,14.0,0.0,21.89826958258881,20.518284528683193,0.0,0.0
26,Cell,28,28.0,951.0,744.0,-16.0,27.0,13.038404810405298,34.93667439299411,31.38470965295043,13.038404810405298,94.39870535499553
26,Cell,29,29.0,951.0,744.0,-16.0,27.0,0.0,34.93667439299411,31.38470965295043,0.0,0.0
10,Cell,0,0.0,437.0,588.0,0.0,0.0,0.0,0.0,0.0,0.0,0.0
10,Cell,1,1.0,431.0,600.0,-6.0,12.0,13.416407864998739,13.416407864998739,13.416407864998739,13.416407864998739,116.56505117707799
10,Cell,2,2.0,431.0,600.0,-6.0,12.0,0.0,13.416407864998739,13.416407864998739,0.0,0.0
10,Cell,3,3.0,431.0,600.0,-6.0,12.0,0.0,13.416407864998739,13.416407864998739,0.0,0.0
10,Cell,4,4.0,427.0,600.0,-10.0,12.0,4.0,17.41640786499874,15.620499351813308,4.0,180.0
10,Cell,5,5.0,427.0,600.0,-10.0,12.0,0.0,17.41640786499874,15.620499351813308,0.0,0.0
10,Cell,6,6.0,427.0,600.0,-10.0,12.0,0.0,17.41640786499874,15.620499351813308,0.0,0.0
10,Cell,7,7.0,427.0,598.0,-10.0,10.0,2.0,19.41640786499874,14.142135623730951,2.0,-90.0
10,Cell,8,8.0,427.0,598.0,-10.0,10.0,0.0,19.41640786499874,14.142135623730951,0.0,0.0
10,Cell,9,9.0,427.0,598.0,-10.0,10.0,0.0,19.41640786499874,14.142135623730951,0.0,0.0
10,Cell,10,10.0,427.0,598.0,-10.0,10.0,0.0,19.41640786499874,14.142135623730951,0.0,0.0
10,Cell,11,11.0,423.0,595.0,-14.0,7.0,5.0,24.41640786499874,15.652475842498529,5.0,-143.13010235415598
10,Cell,12,12.0,423.0,595.0,-14.0,7.0,0.0,24.41640786499874,15.652475842498529,0.0,0.0
10,Cell,13,13.0,423.0,595.0,-14.0,7.0,0.0,24.41640786499874,15.652475842498529,0.0,0.0
10,Cell,14,14.0,423.0,595.0,-14.0,7.0,0.0,24.41640786499874,15.652475842498529,0.0,0.0
10,Cell,15,15.0,423.0,595.0,-14.0,7.0,0.0,24.41640786499874,15.652475842498529,0.0,0.0
10,Cell,16,16.0,423.0,595.0,-14.0,7.0,0.0,24.41640786499874,15.652475842498529,0.0,0.0
10,Cell,17,17.0,423.0,595.0,-14.0,7.0,0.0,24.41640786499874,15.652475842498529,0.0,0.0
10,Cell,18,18.0,423.0,595.0,-14.0,7.0,0.0,24.41640786499874,15.652475842498529,0.0,0.0
10,Cell,19,19.0,423.0,595.0,-14.0,7.0,0.0,24.41640786499874,15.652475842498529,0.0,0.0
10,Cell,20,20.0,423.0,595.0,-14.0,7.0,0.0,24.41640786499874,15.652475842498529,0.0,0.0
10,Cell,21,21.0,423.0,595.0,-14.0,7.0,0.0,24.41640786499874,15.652475842498529,0.0,0.0
10,Cell,22,22.0,423.0,595.0,-14.0,7.0,0.0,24.41640786499874,15.652475842498529,0.0,0.0
10,Cell,23,23.0,420.0,593.0,-17.0,5.0,3.605551275463989,28.021959140462727,17.72004514666935,3.605551275463989,-146.30993247402023
10,Cell,24,24.0,420.0,593.0,-17.0,5.0,0.0,28.021959140462727,17.72004514666935,0.0,0.0
10,Cell,25,25.0,421.0,594.0,-16.0,6.0,1.4142135623730951,29.436172702835822,17.08800749063506,1.4142135623730951,45.0
10,Cell,26,26.0,421.0,594.0,-16.0,6.0,0.0,29.436172702835822,17.08800749063506,0.0,0.0
10,Cell,27,27.0,421.0,594.0,-16.0,6.0,0.0,29.436172702835822,17.08800749063506,0.0,0.0
10,Cell,28,28.0,421.0,594.0,-16.0,6.0,0.0,29.436172702835822,17.08800749063506,0.0,0.0
10,Cell,29,29.0,421.0,594.0,-16.0,6.0,0.0,29.436172702835822,17.08800749063506,0.0,0.0
22,Cell,0,0.0,564.0,965.0,0.0,0.0,0.0,0.0,0.0,0.0,0.0
22,Cell,1,1.0,578.0,964.0,14.0,-1.0,14.035668847618199,14.035668847618199,14.035668847618199,14.035668847618199,-4.085616779974877
22,Cell,2,2.0,578.0,964.0,14.0,-1.0,0.0,14.035668847618199,14.035668847618199,0.0,0.0
22,Cell,3,3.0,578.0,964.0,14.0,-1.0,0.0,14.035668847618199,14.035668847618199,0.0,0.0
22,Cell,4,4.0,580.0,962.0,16.0,-3.0,2.8284271247461903,16.86409597236439,16.278820596099706,2.8284271247461903,-45.0
22,Cell,5,5.0,580.0,962.0,16.0,-3.0,0.0,16.86409597236439,16.278820596099706,0.0,0.0
22,Cell,6,6.0,583.0,962.0,19.0,-3.0,3.0,19.86409597236439,19.235384061671343,3.0,0.0
22,Cell,7,7.0,583.0,962.0,19.0,-3.0,0.0,19.86409597236439,19.235384061671343,0.0,0.0
22,Cell,8,8.0,583.0,962.0,19.0,-3.0,0.0,19.86409597236439,19.235384061671343,0.0,0.0
22,Cell,9,9.0,583.0,962.0,19.0,-3.0,0.0,19.86409597236439,19.235384061671343,0.0,0.0
22,Cell,10,10.0,583.0,962.0,19.0,-3.0,0.0,19.86409597236439,19.235384061671343,0.0,0.0
22,Cell,11,11.0,583.0,962.0,19.0,-3.0,0.0,19.86409597236439,19.235384061671343,0.0,0.0
22,Cell,12,12.0,583.0,962.0,19.0,-3.0,0.0,19.86409597236439,19.235384061671343,0.0,0.0
22,Cell,13,13.0,583.0,962.0,19.0,-3.0,0.0,19.86409597236439,19.235384061671343,0.0,0.0
22,Cell,14,14.0,583.0,962.0,19.0,-3.0,0.0,19.86409597236439,19.235384061671343,0.0,0.0
22,Cell,15,15.0,583.0,962.0,19.0,-3.0,0.0,19.86409597236439,19.235384061671343,0.0,0.0
22,Cell,16,16.0,583.0,962.0,19.0,-3.0,0.0,19.86409597236439,19.235384061671343,0.0,0.0
22,Cell,17,17.0,579.0,967.0,15.0,2.0,6.4031242374328485,26.267220209797237,15.132745950421556,6.4031242374328485,128.6598082540901
22,Cell,18,18.0,579.0,967.0,15.0,2.0,0.0,26.267220209797237,15.132745950421556,0.0,0.0
22,Cell,19,19.0,579.0,967.0,15.0,2.0,0.0,26.267220209797237,15.132745950421556,0.0,0.0
22,Cell,20,20.0,579.0,968.0,15.0,3.0,1.0,27.267220209797237,15.297058540778355,1.0,90.0
22,Cell,21,21.0,576.0,970.0,12.0,5.0,3.605551275463989,30.872771485261225,13.0,3.605551275463989,146.30993247402023
22,Cell,22,22.0,576.0,964.0,12.0,-1.0,6.0,36.872771485261225,12.041594578792296,6.0,-90.0
22,Cell,23,23.0,576.0,964.0,12.0,-1.0,0.0,36.872771485261225,12.041594578792296,0.0,0.0
22,Cell,24,24.0,576.0,964.0,12.0,-1.0,0.0,36.872771485261225,12.041594578792296,0.0,0.0
22,Cell,25,25.0,576.0,964.0,12.0,-1.0,0.0,36.872771485261225,12.041594578792296,0.0,0.0
22,Cell,26,26.0,576.0,964.0,12.0,-1.0,0.0,36.872771485261225,12.041594578792296,0.0,0.0
22,Cell,27,27.0,574.0,965.0,10.0,0.0,2.23606797749979,39.10883946276101,10.0,2.23606797749979,153.43494882292202
22,Cell,28,28.0,574.0,965.0,10.0,0.0,0.0,39.10883946276101,10.0,0.0,0.0
22,Cell,29,29.0,574.0,965.0,10.0,0.0,0.0,39.10883946276101,10.0,0.0,0.0
1,Cell,0,0.0,242.0,281.0,0.0,0.0,0.0,0.0,0.0,0.0,0.0
1,Cell,1,1.0,242.0,277.0,0.0,-4.0,4.0,4.0,4.0,4.0,-90.0
1,Cell,2,2.0,242.0,277.0,0.0,-4.0,0.0,4.0,4.0,0.0,0.0
1,Cell,3,3.0,245.0,272.0,3.0,-9.0,5.830951894845301,9.8309518948453,9.486832980505138,5.830951894845301,-59.03624346792648
1,Cell,4,4.0,245.0,272.0,3.0,-9.0,0.0,9.8309518948453,9.486832980505138,0.0,0.0
1,Cell,5,5.0,255.0,261.0,13.0,-20.0,14.866068747318506,24.697020642163807,23.853720883753127,14.866068747318506,-47.72631099390627
1,Cell,6,6.0,262.0,257.0,20.0,-24.0,8.06225774829855,32.759278390462356,31.240998703626616,8.06225774829855,-29.744881296942225
1,Cell,7,7.0,263.0,256.0,21.0,-25.0,1.4142135623730951,34.17349195283545,32.64965543462902,1.4142135623730951,-45.0
1,Cell,8,8.0,263.0,256.0,21.0,-25.0,0.0,34.17349195283545,32.64965543462902,0.0,0.0
1,Cell,9,9.0,269.0,253.0,27.0,-28.0,6.708203932499369,40.88169588533482,38.897300677553446,6.708203932499369,-26.56505117707799
1,Cell,10,10.0,269.0,253.0,27.0,-28.0,0.0,40.88169588533482,38.897300677553446,0.0,0.0
1,Cell,11,11.0,269.0,253.0,27.0,-28.0,0.0,40.88169588533482,38.897300677553446,0.0,0.0
1,Cell,12,12.0,269.0,253.0,27.0,-28.0,0.0,40.88169588533482,38.897300677553446,0.0,0.0
1,Cell,13,13.0,279.0,263.0,37.0,-18.0,14.142135623730951,55.02383150906577,41.14608122288197,14.142135623730951,45.0
1,Cell,14,14.0,279.0,262.0,37.0,-19.0,1.0,56.02383150906577,41.593268686170845,1.0,-90.0
1,Cell,15,15.0,279.0,262.0,37.0,-19.0,0.0,56.02383150906577,41.593268686170845,0.0,0.0
1,Cell,16,16.0,279.0,262.0,37.0,-19.0,0.0,56.02383150906577,41.593268686170845,0.0,0.0
1,Cell,17,17.0,279.0,262.0,37.0,-19.0,0.0,56.02383150906577,41.593268686170845,0.0,0.0
1,Cell,18,18.0,279.0,262.0,37.0,-19.0,0.0,56.02383150906577,41.593268686170845,0.0,0.0
1,Cell,19,19.0,279.0,262.0,37.0,-19.0,0.0,56.02383150906577,41.593268686170845,0.0,0.0
1,Cell,20,20.0,279.0,261.5,37.0,-19.5,0.5,56.52383150906577,41.82403615147634,0.5,-90.0
1,Cell,21,21.0,278.0,262.0,36.0,-19.0,1.118033988749895,57.641865497815665,40.70626487409524,1.118033988749895,153.43494882292202
1,Cell,22,22.0,278.0,262.0,36.0,-19.0,0.0,57.641865497815665,40.70626487409524,0.0,0.0
1,Cell,23,23.0,278.0,262.0,36.0,-19.0,0.0,57.641865497815665,40.70626487409524,0.0,0.0
1,Cell,24,24.0,278.0,262.0,36.0,-19.0,0.0,57.641865497815665,40.70626487409524,0.0,0.0
1,Cell,25,25.0,278.0,262.0,36.0,-19.0,0.0,57.641865497815665,40.70626487409524,0.0,0.0
1,Cell,26,26.0,278.0,264.0,36.0,-17.0,2.0,59.641865497815665,39.81205847478876,2.0,90.0
1,Cell,27,27.0,278.0,264.0,36.0,-17.0,0.0,59.641865497815665,39.81205847478876,0.0,0.0
1,Cell,28,28.0,280.0,263.0,38.0,-18.0,2.23606797749979,61.87793347531546,42.04759208325728,2.23606797749979,-26.56505117707799
1,Cell,29,29.0,287.0,266.0,45.0,-15.0,7.615773105863909,69.49370658117937,47.43416490252569,7.615773105863909,23.19859051364819
16,Cell,0,0.0,725.0,584.0,0.0,0.0,0.0,0.0,0.0,0.0,0.0
16,Cell,1,1.0,725.0,584.0,0.0,0.0,0.0,0.0,0.0,0.0,0.0
16,Cell,2,2.0,725.0,584.0,0.0,0.0,0.0,0.0,0.0,0.0,0.0
16,Cell,3,3.0,725.0,584.0,0.0,0.0,0.0,0.0,0.0,0.0,0.0
16,Cell,4,4.0,725.0,584.0,0.0,0.0,0.0,0.0,0.0,0.0,0.0
16,Cell,5,5.0,725.0,584.0,0.0,0.0,0.0,0.0,0.0,0.0,0.0
16,Cell,6,6.0,725.0,584.0,0.0,0.0,0.0,0.0,0.0,0.0,0.0
16,Cell,7,7.0,725.0,584.0,0.0,0.0,0.0,0.0,0.0,0.0,0.0
16,Cell,8,8.0,725.0,584.0,0.0,0.0,0.0,0.0,0.0,0.0,0.0
16,Cell,9,9.0,725.0,584.0,0.0,0.0,0.0,0.0,0.0,0.0,0.0
16,Cell,10,10.0,728.0,589.0,3.0,5.0,5.830951894845301,5.830951894845301,5.830951894845301,5.830951894845301,59.03624346792648
16,Cell,11,11.0,728.0,589.0,3.0,5.0,0.0,5.830951894845301,5.830951894845301,0.0,0.0
16,Cell,12,12.0,728.0,589.0,3.0,5.0,0.0,5.830951894845301,5.830951894845301,0.0,0.0
16,Cell,13,13.0,728.0,589.0,3.0,5.0,0.0,5.830951894845301,5.830951894845301,0.0,0.0
16,Cell,14,14.0,729.0,590.0,4.0,6.0,1.4142135623730951,7.245165457218396,7.211102550927978,1.4142135623730951,45.0
16,Cell,15,15.0,739.0,590.0,14.0,6.0,10.0,17.245165457218395,15.231546211727817,10.0,0.0
16,Cell,16,16.0,739.0,590.0,14.0,6.0,0.0,17.245165457218395,15.231546211727817,0.0,0.0
16,Cell,17,17.0,739.0,590.0,14.0,6.0,0.0,17.245165457218395,15.231546211727817,0.0,0.0
16,Cell,18,18.0,739.0,590.0,14.0,6.0,0.0,17.245165457218395,15.231546211727817,0.0,0.0
16,Cell,19,19.0,739.0,590.0,14.0,6.0,0.0,17.245165457218395,15.231546211727817,0.0,0.0
16,Cell,20,20.0,739.0,590.0,14.0,6.0,0.0,17.245165457218395,15.231546211727817,0.0,0.0
16,Cell,21,21.0,739.0,590.0,14.0,6.0,0.0,17.245165457218395,15.231546211727817,0.0,0.0
16,Cell,22,22.0,734.0,604.0,9.0,20.0,14.866068747318506,32.1112342045369,21.93171219946131,14.866068747318506,109.65382405805332
16,Cell,23,23.0,732.0,602.0,7.0,18.0,2.8284271247461903,34.93966132928309,19.313207915827967,2.8284271247461903,-135.0
16,Cell,24,24.0,732.0,602.0,7.0,18.0,0.0,34.93966132928309,19.313207915827967,0.0,0.0
16,Cell,25,25.0,732.0,602.0,7.0,18.0,0.0,34.93966132928309,19.313207915827967,0.0,0.0
16,Cell,26,26.0,732.0,602.0,7.0,18.0,0.0,34.93966132928309,19.313207915827967,0.0,0.0
16,Cell,27,27.0,736.0,600.0,11.0,16.0,4.47213595499958,39.41179728428267,19.4164878389476,4.47213595499958,-26.56505117707799
16,Cell,28,28.0,743.0,605.0,18.0,21.0,8.602325267042627,48.0141225513253,27.65863337187866,8.602325267042627,35.53767779197438
16,Cell,29,29.0,743.0,605.0,18.0,21.0,0.0,48.0141225513253,27.65863337187866,0.0,0.0
24,Cell,0,0.0,917.0,909.0,0.0,0.0,0.0,0.0,0.0,0.0,0.0
24,Cell,1,1.0,917.0,909.0,0.0,0.0,0.0,0.0,0.0,0.0,0.0
24,Cell,2,2.0,917.0,909.0,0.0,0.0,0.0,0.0,0.0,0.0,0.0
24,Cell,3,3.0,917.0,909.0,0.0,0.0,0.0,0.0,0.0,0.0,0.0
24,Cell,4,4.0,913.0,909.0,-4.0,0.0,4.0,4.0,4.0,4.0,180.0
24,Cell,5,5.0,913.0,908.5,-4.0,-0.5,0.5,4.5,4.031128874149275,0.5,-90.0
24,Cell,6,6.0,911.0,906.0,-6.0,-3.0,3.2015621187164243,7.701562118716424,6.708203932499369,3.2015621187164243,-128.6598082540901
24,Cell,7,7.0,896.0,908.0,-21.0,-1.0,15.132745950421556,22.834308069137982,21.02379604162864,15.132745950421556,172.40535663140858
24,Cell,8,8.0,896.0,908.0,-21.0,-1.0,0.0,22.834308069137982,21.02379604162864,0.0,0.0
24,Cell,9,9.0,896.0,908.0,-21.0,-1.0,0.0,22.834308069137982,21.02379604162864,0.0,0.0
24,Cell,10,10.0,896.0,908.0,-21.0,-1.0,0.0,22.834308069137982,21.02379604162864,0.0,0.0
24,Cell,11,11.0,897.0,906.0,-20.0,-3.0,2.23606797749979,25.070376046637772,20.223748416156685,2.23606797749979,-63.43494882292201
24,Cell,12,12.0,897.0,906.0,-20.0,-3.0,0.0,25.070376046637772,20.223748416156685,0.0,0.0
24,Cell,13,13.0,898.0,906.0,-19.0,-3.0,1.0,26.070376046637772,19.235384061671343,1.0,0.0
24,Cell,14,14.0,898.0,906.0,-19.0,-3.0,0.0,26.070376046637772,19.235384061671343,0.0,0.0
24,Cell,15,15.0,897.0,902.0,-20.0,-7.0,4.123105625617661,30.193481672255434,21.18962010041709,4.123105625617661,-104.0362434679265
24,Cell,16,16.0,897.0,900.0,-20.0,-9.0,2.0,32.19348167225543,21.93171219946131,2.0,-90.0
24,Cell,17,17.0,897.0,900.0,-20.0,-9.0,0.0,32.19348167225543,21.93171219946131,0.0,0.0
24,Cell,18,18.0,901.0,898.0,-16.0,-11.0,4.47213595499958,36.66561762725501,19.4164878389476,4.47213595499958,-26.56505117707799
24,Cell,19,19.0,902.5,897.0,-14.5,-12.0,1.8027756377319946,38.46839326498701,18.82153022471871,1.8027756377319946,-33.690067525979785
24,Cell,20,20.0,904.0,898.0,-13.0,-11.0,1.8027756377319946,40.271168902719005,17.029386365926403,1.8027756377319946,33.690067525979785
24,Cell,21,21.0,908.0,898.0,-9.0,-11.0,4.0,44.271168902719005,14.212670403551895,4.0,0.0
24,Cell,22,22.0,910.0,898.0,-7.0,-11.0,2.0,46.271168902719005,13.038404810405298,2.0,0.0
24,Cell,23,23.0,913.0,901.0,-4.0,-8.0,4.242640687119285,50.51380958983829,8.94427190999916,4.242640687119285,45.0
24,Cell,24,24.0,919.0,910.0,2.0,1.0,10.816653826391969,61.33046341623026,2.23606797749979,10.816653826391969,56.309932474020215
24,Cell,25,25.0,919.0,910.5,2.0,1.5,0.5,61.83046341623026,2.5,0.5,90.0
24,Cell,26,26.0,919.0,910.0,2.0,1.0,0.5,62.33046341623026,2.23606797749979,0.5,-90.0
24,Cell,27,27.0,919.0,910.0,2.0,1.0,0.0,62.33046341623026,2.23606797749979,0.0,0.0
24,Cell,28,28.0,916.0,914.0,-1.0,5.0,5.0,67.33046341623026,5.0990195135927845,5.0,126.86989764584402
24,Cell,29,29.0,918.0,913.0,1.0,4.0,2.23606797749979,69.56653139373005,4.123105625617661,2.23606797749979,-26.56505117707799
9,Cell,0,0.0,485.0,485.0,0.0,0.0,0.0,0.0,0.0,0.0,0.0
9,Cell,1,1.0,485.0,485.0,0.0,0.0,0.0,0.0,0.0,0.0,0.0
9,Cell,2,2.0,485.0,485.0,0.0,0.0,0.0,0.0,0.0,0.0,0.0
9,Cell,3,3.0,485.0,485.0,0.0,0.0,0.0,0.0,0.0,0.0,0.0
9,Cell,4,4.0,485.0,485.0,0.0,0.0,0.0,0.0,0.0,0.0,0.0
9,Cell,5,5.0,485.0,485.0,0.0,0.0,0.0,0.0,0.0,0.0,0.0
9,Cell,6,6.0,473.0,482.0,-12.0,-3.0,12.36931687685298,12.36931687685298,12.36931687685298,12.36931687685298,-165.96375653207352
9,Cell,7,7.0,473.0,482.0,-12.0,-3.0,0.0,12.36931687685298,12.36931687685298,0.0,0.0
9,Cell,8,8.0,473.0,482.0,-12.0,-3.0,0.0,12.36931687685298,12.36931687685298,0.0,0.0
9,Cell,9,9.0,473.0,482.0,-12.0,-3.0,0.0,12.36931687685298,12.36931687685298,0.0,0.0
9,Cell,10,10.0,473.0,482.0,-12.0,-3.0,0.0,12.36931687685298,12.36931687685298,0.0,0.0
9,Cell,11,11.0,478.0,477.0,-7.0,-8.0,7.0710678118654755,19.440384688718456,10.63014581273465,7.0710678118654755,-45.0
9,Cell,12,12.0,478.0,477.0,-7.0,-8.0,0.0,19.440384688718456,10.63014581273465,0.0,0.0
9,Cell,13,13.0,478.0,477.0,-7.0,-8.0,0.0,19.440384688718456,10.63014581273465,0.0,0.0
9,Cell,14,14.0,478.0,477.0,-7.0,-8.0,0.0,19.440384688718456,10.63014581273465,0.0,0.0
9,Cell,15,15.0,480.6539278131634,478.8556263269639,-4.3460721868365795,-6.144373673036114,3.238314670133812,22.678699358852267,7.526066122955192,3.238314670133812,34.96124580066271
9,Cell,16,16.0,480.0,481.0,-5.0,-4.0,2.241865302474501,24.920564661326768,6.4031242374328485,2.241865302474501,106.95911082794684
9,Cell,17,17.0,491.0,486.0,6.0,1.0,12.083045973594572,37.003610634921344,6.082762530298219,12.083045973594572,24.443954780416536
9,Cell,18,18.0,491.0,486.0,6.0,1.0,0.0,37.003610634921344,6.082762530298219,0.0,0.0
9,Cell,19,19.0,479.0,479.0,-6.0,-6.0,13.892443989449804,50.896054624371146,8.48528137423857,13.892443989449804,-149.74356283647074
9,Cell,20,20.0,476.0,480.0,-9.0,-5.0,3.1622776601683795,54.058332284539524,10.295630140987,3.1622776601683795,161.56505117707798
9,Cell,21,21.0,467.0,481.0,-18.0,-4.0,9.055385138137417,63.11371742267694,18.439088914585774,9.055385138137417,173.6598082540901
9,Cell,22,22.0,467.0,481.0,-18.0,-4.0,0.0,63.11371742267694,18.439088914585774,0.0,0.0
9,Cell,23,23.0,465.0,481.0,-20.0,-4.0,2.0,65.11371742267694,20.396078054371138,2.0,180.0
9,Cell,24,24.0,461.0,478.0,-24.0,-7.0,5.0,70.11371742267694,25.0,5.0,-143.13010235415598
9,Cell,25,25.0,461.0,478.0,-24.0,-7.0,0.0,70.11371742267694,25.0,0.0,0.0
9,Cell,26,26.0,476.0,475.0,-9.0,-10.0,15.297058540778355,85.4107759634553,13.45362404707371,15.297058540778355,-11.309932474020213
9,Cell,27,27.0,479.0,475.0,-6.0,-10.0,3.0,88.4107759634553,11.661903789690601,3.0,0.0
9,Cell,28,28.0,479.0,475.0,-6.0,-10.0,0.0,88.4107759634553,11.661903789690601,0.0,0.0
9,Cell,29,29.0,479.0,486.0,-6.0,1.0,11.0,99.4107759634553,6.082762530298219,11.0,90.0
4,Cell,0,0.0,416.0,358.0,0.0,0.0,0.0,0.0,0.0,0.0,0.0
4,Cell,1,1.0,416.0,358.0,0.0,0.0,0.0,0.0,0.0,0.0,0.0
4,Cell,2,2.0,416.0,358.0,0.0,0.0,0.0,0.0,0.0,0.0,0.0
4,Cell,3,3.0,416.0,358.0,0.0,0.0,0.0,0.0,0.0,0.0,0.0
4,Cell,4,4.0,415.0,359.0,-1.0,1.0,1.4142135623730951,1.4142135623730951,1.4142135623730951,1.4142135623730951,135.0
4,Cell,5,5.0,414.0,359.0,-2.0,1.0,1.0,2.414213562373095,2.23606797749979,1.0,180.0
4,Cell,6,6.0,409.0,367.0,-7.0,9.0,9.433981132056603,11.848194694429697,11.40175425099138,9.433981132056603,122.0053832080835
4,Cell,7,7.0,409.0,367.0,-7.0,9.0,0.0,11.848194694429697,11.40175425099138,0.0,0.0
4,Cell,8,8.0,409.0,368.0,-7.0,10.0,1.0,12.848194694429697,12.206555615733702,1.0,90.0
4,Cell,9,9.0,410.0,379.0,-6.0,21.0,11.045361017187261,23.89355571161696,21.840329667841555,11.045361017187261,84.8055710922652
4,Cell,10,10.0,411.0,378.0,-5.0,20.0,1.4142135623730951,25.307769273990054,20.615528128088304,1.4142135623730951,-45.0
4,Cell,11,11.0,411.0,378.0,-5.0,20.0,0.0,25.307769273990054,20.615528128088304,0.0,0.0
4,Cell,12,12.0,411.0,378.0,-5.0,20.0,0.0,25.307769273990054,20.615528128088304,0.0,0.0
4,Cell,13,13.0,401.0,378.0,-15.0,20.0,10.0,35.307769273990054,25.0,10.0,180.0
4,Cell,14,14.0,401.0,379.0,-15.0,21.0,1.0,36.307769273990054,25.80697580112788,1.0,90.0
4,Cell,15,15.0,401.0,379.0,-15.0,21.0,0.0,36.307769273990054,25.80697580112788,0.0,0.0
4,Cell,16,16.0,385.0,384.0,-31.0,26.0,16.76305461424021,53.070823888230265,40.45985664828782,16.76305461424021,162.6459753637387
4,Cell,17,17.0,385.0,383.5,-31.0,25.5,0.5,53.570823888230265,40.1403786728526,0.5,-90.0
4,Cell,18,18.0,385.0,383.0,-31.0,25.0,0.5,54.070823888230265,39.824615503479755,0.5,-90.0
4,Cell,19,19.0,385.0,383.0,-31.0,25.0,0.0,54.070823888230265,39.824615503479755,0.0,0.0
4,Cell,20,20.0,385.0,383.0,-31.0,25.0,0.0,54.070823888230265,39.824615503479755,0.0,0.0
4,Cell,21,21.0,385.0,383.0,-31.0,25.0,0.0,54.070823888230265,39.824615503479755,0.0,0.0
4,Cell,22,22.0,383.9171717171717,383.88686868686864,-32.0828282828283,25.886868686868638,1.3996618012366389,55.470485689466905,41.2242385137267,1.3996618012366389,140.68150012714884
4,Cell,23,23.0,386.0,382.0,-30.0,24.0,2.8104176019294487,58.280903291396356,38.41874542459709,2.8104176019294487,-42.17395272742596
4,Cell,24,24.0,387.0,389.0,-29.0,31.0,7.0710678118654755,65.35197110326183,42.44997055358225,7.0710678118654755,81.86989764584403
4,Cell,25,25.0,387.0,389.0,-29.0,31.0,0.0,65.35197110326183,42.44997055358225,0.0,0.0
4,Cell,26,26.0,387.0,389.0,-29.0,31.0,0.0,65.35197110326183,42.44997055358225,0.0,0.0
4,Cell,27,27.0,387.0,389.0,-29.0,31.0,0.0,65.35197110326183,42.44997055358225,0.0,0.0
4,Cell,28,28.0,387.0,389.0,-29.0,31.0,0.0,65.35197110326183,42.44997055358225,0.0,0.0
4,Cell,29,29.0,387.0,389.0,-29.0,31.0,0.0,65.35197110326183,42.44997055358225,0.0,0.0
25,Cell,0,0.0,944.0,829.0,0.0,0.0,0.0,0.0,0.0,0.0,0.0
25,Cell,1,1.0,944.0,829.0,0.0,0.0,0.0,0.0,0.0,0.0,0.0
25,Cell,2,2.0,944.0,829.0,0.0,0.0,0.0,0.0,0.0,0.0,0.0
25,Cell,3,3.0,945.0,827.5,1.0,-1.5,1.8027756377319946,1.8027756377319946,1.8027756377319946,1.8027756377319946,-56.309932474020215
25,Cell,4,4.0,945.0,827.0,1.0,-2.0,0.5,2.302775637731995,2.23606797749979,0.5,-90.0
25,Cell,5,5.0,952.0,822.0,8.0,-7.0,8.602325267042627,10.90510090477462,10.63014581273465,8.602325267042627,-35.53767779197438
25,Cell,6,6.0,952.0,822.0,8.0,-7.0,0.0,10.90510090477462,10.63014581273465,0.0,0.0
25,Cell,7,7.0,952.0,822.0,8.0,-7.0,0.0,10.90510090477462,10.63014581273465,0.0,0.0
25,Cell,8,8.0,952.0,822.0,8.0,-7.0,0.0,10.90510090477462,10.63014581273465,0.0,0.0
25,Cell,9,9.0,951.0,841.0,7.0,12.0,19.026297590440446,29.931398495215067,13.892443989449804,19.026297590440446,93.01278750418335
25,Cell,10,10.0,951.0,842.0,7.0,13.0,1.0,30.931398495215067,14.7648230602334,1.0,90.0
25,Cell,11,11.0,951.0,842.0,7.0,13.0,0.0,30.931398495215067,14.7648230602334,0.0,0.0
25,Cell,12,12.0,952.0,833.0,8.0,4.0,9.055385138137417,39.98678363335249,8.94427190999916,9.055385138137417,-83.6598082540901
25,Cell,13,13.0,952.0,833.0,8.0,4.0,0.0,39.98678363335249,8.94427190999916,0.0,0.0
25,Cell,14,14.0,952.0,833.0,8.0,4.0,0.0,39.98678363335249,8.94427190999916,0.0,0.0
25,Cell,15,15.0,952.0,833.0,8.0,4.0,0.0,39.98678363335249,8.94427190999916,0.0,0.0
25,Cell,16,16.0,952.0,833.0,8.0,4.0,0.0,39.98678363335249,8.94427190999916,0.0,0.0
25,Cell,17,17.0,952.0,835.0,8.0,6.0,2.0,41.98678363335249,10.0,2.0,90.0
25,Cell,18,18.0,952.0,835.0,8.0,6.0,0.0,41.98678363335249,10.0,0.0,0.0
25,Cell,19,19.0,952.0,835.0,8.0,6.0,0.0,41.98678363335249,10.0,0.0,0.0
25,Cell,20,20.0,950.0,844.0,6.0,15.0,9.219544457292887,51.20632809064537,16.15549442140351,9.219544457292887,102.52880770915151
25,Cell,21,21.0,950.0,844.0,6.0,15.0,0.0,51.20632809064537,16.15549442140351,0.0,0.0
25,Cell,22,22.0,950.0,844.0,6.0,15.0,0.0,51.20632809064537,16.15549442140351,0.0,0.0
25,Cell,23,23.0,948.0,852.0,4.0,23.0,8.246211251235321,59.452539341880694,23.345235059857504,8.246211251235321,104.0362434679265
25,Cell,24,24.0,948.0,854.0,4.0,25.0,2.0,61.452539341880694,25.317977802344327,2.0,90.0
25,Cell,25,25.0,941.0,865.0,-3.0,36.0,13.038404810405298,74.49094415228599,36.124783736376884,13.038404810405298,122.47119229084849
25,Cell,26,26.0,944.0,862.0,0.0,33.0,4.242640687119285,78.73358483940528,33.0,4.242640687119285,-45.0
25,Cell,27,27.0,944.0,862.0,0.0,33.0,0.0,78.73358483940528,33.0,0.0,0.0
25,Cell,28,28.0,944.0,862.0,0.0,33.0,0.0,78.73358483940528,33.0,0.0,0.0
25,Cell,29,29.0,944.0,862.0,0.0,33.0,0.0,78.73358483940528,33.0,0.0,0.0
17,Cell,0,0.0,701.0,714.0,0.0,0.0,0.0,0.0,0.0,0.0,0.0
17,Cell,1,1.0,700.0,714.0,-1.0,0.0,1.0,1.0,1.0,1.0,180.0
17,Cell,2,2.0,700.0,714.0,-1.0,0.0,0.0,1.0,1.0,0.0,0.0
17,Cell,3,3.0,700.0,714.0,-1.0,0.0,0.0,1.0,1.0,0.0,0.0
17,Cell,4,4.0,684.0,729.0,-17.0,15.0,21.93171219946131,22.93171219946131,22.67156809750927,21.93171219946131,136.8476102659946
17,Cell,5,5.0,684.0,729.0,-17.0,15.0,0.0,22.93171219946131,22.67156809750927,0.0,0.0
17,Cell,6,6.0,685.5,729.0,-15.5,15.0,1.5,24.43171219946131,21.569654610122992,1.5,0.0
17,Cell,7,7.0,697.0,730.0,-4.0,16.0,11.543396380615196,35.97510858007651,16.492422502470642,11.543396380615196,4.969740728110304
17,Cell,8,8.0,705.0,737.0,4.0,23.0,10.63014581273465,46.60525439281116,23.345235059857504,10.63014581273465,41.185925165709655
17,Cell,9,9.0,705.0,737.0,4.0,23.0,0.0,46.60525439281116,23.345235059857504,0.0,0.0
17,Cell,10,10.0,705.0,737.0,4.0,23.0,0.0,46.60525439281116,23.345235059857504,0.0,0.0
17,Cell,11,11.0,705.0,737.0,4.0,23.0,0.0,46.60525439281116,23.345235059857504,0.0,0.0
17,Cell,12,12.0,719.0,727.0,18.0,13.0,17.204650534085253,63.809904926896415,22.20360331117452,17.204650534085253,-35.53767779197438
17,Cell,13,13.0,714.0,727.0,13.0,13.0,5.0,68.80990492689642,18.384776310850235,5.0,180.0
17,Cell,14,14.0,714.0,727.0,13.0,13.0,0.0,68.80990492689642,18.384776310850235,0.0,0.0
17,Cell,15,15.0,713.0,724.0,12.0,10.0,3.1622776601683795,71.97218258706481,15.620499351813308,3.1622776601683795,-108.43494882292201
17,Cell,16,16.0,714.0,718.0,13.0,4.0,6.082762530298219,78.05494511736303,13.601470508735444,6.082762530298219,-80.53767779197439
17,Cell,17,17.0,716.0,718.0,15.0,4.0,2.0,80.05494511736303,15.524174696260024,2.0,0.0
17,Cell,18,18.0,721.0,713.0,20.0,-1.0,7.0710678118654755,87.12601292922851,20.024984394500787,7.0710678118654755,-45.0
17,Cell,19,19.0,725.0,703.0,24.0,-11.0,10.770329614269007,97.89634254349751,26.40075756488817,10.770329614269007,-68.19859051364818
17,Cell,20,20.0,725.0,703.0,24.0,-11.0,0.0,97.89634254349751,26.40075756488817,0.0,0.0
17,Cell,21,21.0,725.0,703.0,24.0,-11.0,0.0,97.89634254349751,26.40075756488817,0.0,0.0
17,Cell,22,22.0,722.0,691.0,21.0,-23.0,12.36931687685298,110.26565942035049,31.144823004794873,12.36931687685298,-104.0362434679265
17,Cell,23,23.0,722.0,691.0,21.0,-23.0,0.0,110.26565942035049,31.144823004794873,0.0,0.0
17,Cell,24,24.0,729.0,686.0,28.0,-28.0,8.602325267042627,118.86798468739312,39.59797974644666,8.602325267042627,-35.53767779197438
17,Cell,25,25.0,729.0,686.0,28.0,-28.0,0.0,118.86798468739312,39.59797974644666,0.0,0.0
17,Cell,26,26.0,729.0,686.0,28.0,-28.0,0.0,118.86798468739312,39.59797974644666,0.0,0.0
17,Cell,27,27.0,734.0,686.0,33.0,-28.0,5.0,123.86798468739312,43.278170016764804,5.0,0.0
17,Cell,28,28.0,734.0,688.0,33.0,-26.0,2.0,125.86798468739312,42.01190307520001,2.0,90.0
17,Cell,29,29.0,732.0,690.0,31.0,-24.0,2.8284271247461903,128.6964118121393,39.20459156782532,2.8284271247461903,135.0
32,Cell,0,0.0,759.0,722.0,0.0,0.0,0.0,0.0,0.0,0.0,0.0
32,Cell,1,1.0,759.0,722.0,0.0,0.0,0.0,0.0,0.0,0.0,0.0
32,Cell,2,2.0,758.0,722.0,-1.0,0.0,1.0,1.0,1.0,1.0,180.0
32,Cell,3,3.0,756.0,722.0,-3.0,0.0,2.0,3.0,3.0,2.0,180.0
32,Cell,4,4.0,756.0,725.0,-3.0,3.0,3.0,6.0,4.242640687119285,3.0,90.0
32,Cell,5,5.0,758.0,723.0,-1.0,1.0,2.8284271247461903,8.82842712474619,1.4142135623730951,2.8284271247461903,-45.0
32,Cell,6,6.0,758.0,723.0,-1.0,1.0,0.0,8.82842712474619,1.4142135623730951,0.0,0.0
32,Cell,7,7.0,758.0,723.0,-1.0,1.0,0.0,8.82842712474619,1.4142135623730951,0.0,0.0
32,Cell,8,8.0,760.0,722.0,1.0,0.0,2.23606797749979,11.06449510224598,1.0,2.23606797749979,-26.56505117707799
32,Cell,9,9.0,760.0,722.0,1.0,0.0,0.0,11.06449510224598,1.0,0.0,0.0
32,Cell,10,10.0,762.0,721.0,3.0,-1.0,2.23606797749979,13.30056307974577,3.1622776601683795,2.23606797749979,-26.56505117707799
32,Cell,11,11.0,762.0,721.0,3.0,-1.0,0.0,13.30056307974577,3.1622776601683795,0.0,0.0
32,Cell,12,12.0,768.0,722.0,9.0,0.0,6.082762530298219,19.38332561004399,9.0,6.082762530298219,9.462322208025617
32,Cell,13,13.0,768.0,722.0,9.0,0.0,0.0,19.38332561004399,9.0,0.0,0.0
32,Cell,14,14.0,770.0,719.0,11.0,-3.0,3.605551275463989,22.988876885507977,11.40175425099138,3.605551275463989,-56.309932474020215
32,Cell,15,15.0,770.0,719.0,11.0,-3.0,0.0,22.988876885507977,11.40175425099138,0.0,0.0
32,Cell,16,16.0,770.0,721.0,11.0,-1.0,2.0,24.988876885507977,11.045361017187261,2.0,90.0
32,Cell,17,17.0,770.0,721.0,11.0,-1.0,0.0,24.988876885507977,11.045361017187261,0.0,0.0
32,Cell,18,18.0,770.0,721.0,11.0,-1.0,0.0,24.988876885507977,11.045361017187261,0.0,0.0
32,Cell,19,19.0,770.0,721.0,11.0,-1.0,0.0,24.988876885507977,11.045361017187261,0.0,0.0
32,Cell,20,20.0,770.0,721.0,11.0,-1.0,0.0,24.988876885507977,11.045361017187261,0.0,0.0
32,Cell,21,21.0,770.0,721.0,11.0,-1.0,0.0,24.988876885507977,11.045361017187261,0.0,0.0
32,Cell,22,22.0,770.0,721.0,11.0,-1.0,0.0,24.988876885507977,11.045361017187261,0.0,0.0
32,Cell,23,23.0,770.0,721.0,11.0,-1.0,0.0,24.988876885507977,11.045361017187261,0.0,0.0
32,Cell,24,24.0,770.0,721.0,11.0,-1.0,0.0,24.988876885507977,11.045361017187261,0.0,0.0
32,Cell,25,25.0,770.0,721.0,11.0,-1.0,0.0,24.988876885507977,11.045361017187261,0.0,0.0
34,Cell,0,0.0,783.0,720.0,0.0,0.0,0.0,0.0,0.0,0.0,0.0
34,Cell,1,1.0,784.0,721.0,1.0,1.0,1.4142135623730951,1.4142135623730951,1.4142135623730951,1.4142135623730951,45.0
34,Cell,2,2.0,785.0,721.0,2.0,1.0,1.0,2.414213562373095,2.23606797749979,1.0,0.0
34,Cell,3,3.0,785.0,721.0,2.0,1.0,0.0,2.414213562373095,2.23606797749979,0.0,0.0
34,Cell,4,4.0,785.0,721.0,2.0,1.0,0.0,2.414213562373095,2.23606797749979,0.0,0.0
34,Cell,5,5.0,785.0,721.0,2.0,1.0,0.0,2.414213562373095,2.23606797749979,0.0,0.0
34,Cell,6,6.0,790.0,725.0,7.0,5.0,6.4031242374328485,8.817337799805944,8.602325267042627,6.4031242374328485,38.65980825409009
34,Cell,7,7.0,795.0,726.0,12.0,6.0,5.0990195135927845,13.916357313398729,13.416407864998739,5.0990195135927845,11.309932474020213
34,Cell,8,8.0,796.0,726.0,13.0,6.0,1.0,14.916357313398729,14.317821063276353,1.0,0.0
34,Cell,9,9.0,796.0,726.0,13.0,6.0,0.0,14.916357313398729,14.317821063276353,0.0,0.0
34,Cell,10,10.0,817.0,725.0,34.0,5.0,21.02379604162864,35.94015335502737,34.36568055487916,21.02379604162864,-2.726310993906266
34,Cell,11,11.0,814.0,727.0,31.0,7.0,3.605551275463989,39.54570463049136,31.78049716414141,3.605551275463989,146.30993247402023
34,Cell,12,12.0,814.0,727.0,31.0,7.0,0.0,39.54570463049136,31.78049716414141,0.0,0.0
34,Cell,13,13.0,815.0,727.0,32.0,7.0,1.0,40.54570463049136,32.7566787083184,1.0,0.0
34,Cell,14,14.0,821.0,722.0,38.0,2.0,7.810249675906654,48.35595430639801,38.05259518088089,7.810249675906654,-39.80557109226519
34,Cell,15,15.0,829.0,721.0,46.0,1.0,8.06225774829855,56.41821205469656,46.010868281309364,8.06225774829855,-7.125016348901798
34,Cell,16,16.0,830.0,721.0,47.0,1.0,1.0,57.41821205469656,47.01063709417264,1.0,0.0
34,Cell,17,17.0,835.0,714.0,52.0,-6.0,8.602325267042627,66.02053732173918,52.3450093132096,8.602325267042627,-54.46232220802562
34,Cell,18,18.0,836.0,707.0,53.0,-13.0,7.0710678118654755,73.09160513360466,54.57105459856901,7.0710678118654755,-81.86989764584403
34,Cell,19,19.0,837.0,705.0,54.0,-15.0,2.23606797749979,75.32767311110445,56.04462507680822,2.23606797749979,-63.43494882292201
34,Cell,20,20.0,837.0,703.0,54.0,-17.0,2.0,77.32767311110445,56.61271941887264,2.0,-90.0
34,Cell,21,21.0,837.0,703.0,54.0,-17.0,0.0,77.32767311110445,56.61271941887264,0.0,0.0
34,Cell,22,22.0,836.0,705.0,53.0,-15.0,2.23606797749979,79.56374108860423,55.08175741568164,2.23606797749979,116.56505117707799
34,Cell,23,23.0,836.0,710.0,53.0,-10.0,5.0,84.56374108860423,53.9351462406472,5.0,90.0
34,Cell,24,24.0,837.0,709.0,54.0,-11.0,1.4142135623730951,85.97795465097732,55.10898293381942,1.4142135623730951,-45.0
34,Cell,25,25.0,838.0,707.0,55.0,-13.0,2.23606797749979,88.21402262847711,56.515484603779164,2.23606797749979,-63.43494882292201
29,Cell,0,0.0,982.0,492.0,0.0,0.0,0.0,0.0,0.0,0.0,0.0
29,Cell,1,1.0,975.0,505.0,-7.0,13.0,14.7648230602334,14.7648230602334,14.7648230602334,14.7648230602334,118.30075576600639
29,Cell,2,2.0,966.0,515.0,-16.0,23.0,13.45362404707371,28.21844710730711,28.0178514522438,13.45362404707371,131.98721249581666
29,Cell,3,3.0,966.0,516.0,-16.0,24.0,1.0,29.21844710730711,28.844410203711913,1.0,90.0
29,Cell,4,4.0,975.0,515.0,-7.0,23.0,9.055385138137417,38.273832245444524,24.041630560342615,9.055385138137417,-6.34019174590991
29,Cell,5,5.0,965.0,511.0,-17.0,19.0,10.770329614269007,49.04416185971353,25.495097567963924,10.770329614269007,-158.19859051364818
29,Cell,6,6.0,981.0,504.0,-1.0,12.0,17.46424919657298,66.50841105628652,12.041594578792296,17.46424919657298,-23.62937773065682
29,Cell,7,7.0,983.0,506.0,1.0,14.0,2.8284271247461903,69.3368381810327,14.035668847618199,2.8284271247461903,45.0
29,Cell,8,8.0,981.0,506.0,-1.0,14.0,2.0,71.3368381810327,14.035668847618199,2.0,180.0
29,Cell,9,9.0,992.0,504.0,10.0,12.0,11.180339887498949,82.51717806853165,15.620499351813308,11.180339887498949,-10.304846468766033
29,Cell,10,10.0,1000.0,492.0,18.0,0.0,14.422205101855956,96.9393831703876,18.0,14.422205101855956,-56.309932474020215
29,Cell,11,11.0,1005.0,481.0,23.0,-11.0,12.083045973594572,109.02242914398218,25.495097567963924,12.083045973594572,-65.55604521958347
29,Cell,12,12.0,1005.0,469.0,23.0,-23.0,12.0,121.02242914398218,32.526911934581186,12.0,-90.0
29,Cell,13,13.0,1004.0,464.0,22.0,-28.0,5.0990195135927845,126.12144865757496,35.608987629529715,5.0990195135927845,-101.30993247402021
29,Cell,14,14.0,1001.0,462.0,19.0,-30.0,3.605551275463989,129.72699993303894,35.510561809129406,3.605551275463989,-146.30993247402023
31,Cell,0,0.0,820.0,739.0,0.0,0.0,0.0,0.0,0.0,0.0,0.0
31,Cell,1,1.0,791.0,746.0,-29.0,7.0,29.832867780352597,29.832867780352597,29.832867780352597,29.832867780352597,166.4295656148385
31,Cell,2,2.0,779.0,742.0,-41.0,3.0,12.649110640673518,42.48197842102611,41.10960958218893,12.649110640673518,-161.56505117707798
31,Cell,3,3.0,788.0,733.0,-32.0,-6.0,12.727922061357855,55.20990048238397,32.55764119219941,12.727922061357855,-45.0
2,Cell,0,0.0,520.0,266.0,0.0,0.0,0.0,0.0,0.0,0.0,0.0
2,Cell,1,1.0,520.0,266.5,0.0,0.5,0.5,0.5,0.5,0.5,90.0
2,Cell,2,2.0,519.0,267.0,-1.0,1.0,1.118033988749895,1.618033988749895,1.4142135623730951,1.118033988749895,153.43494882292202
2,Cell,3,3.0,519.0,267.0,-1.0,1.0,0.0,1.618033988749895,1.4142135623730951,0.0,0.0
2,Cell,4,4.0,518.0828282828282,268.1131313131313,-1.9171717171717546,2.113131313131305,1.4423124762176913,3.060346464967586,2.853221221647443,1.4423124762176913,129.48703614505115
2,Cell,5,5.0,515.0,270.0,-5.0,4.0,3.6144299222548693,6.6747763872224555,6.4031242374328485,3.6144299222548693,148.53096403298875
2,Cell,6,6.0,513.0,270.0,-7.0,4.0,2.0,8.674776387222455,8.06225774829855,2.0,180.0
2,Cell,7,7.0,497.0,256.0,-23.0,-10.0,21.2602916254693,29.935068012691755,25.079872407968907,21.2602916254693,-138.81407483429035
2,Cell,8,8.0,497.0,256.0,-23.0,-10.0,0.0,29.935068012691755,25.079872407968907,0.0,0.0
2,Cell,9,9.0,470.0,241.0,-50.0,-25.0,30.886890422961002,60.82195843565276,55.90169943749474,30.886890422961002,-150.94539590092288
2,Cell,10,10.0,474.0,235.0,-46.0,-31.0,7.211102550927978,68.03306098658074,55.47071299343465,7.211102550927978,-56.309932474020215
2,Cell,11,11.0,467.0,232.0,-53.0,-34.0,7.615773105863909,75.64883409244464,62.96824596572466,7.615773105863909,-156.80140948635182
2,Cell,12,12.0,471.0,225.0,-49.0,-41.0,8.06225774829855,83.7110918407432,63.89053137985315,8.06225774829855,-60.25511870305779
2,Cell,13,13.0,471.0,224.0,-49.0,-42.0,1.0,84.7110918407432,64.53681120105021,1.0,-90.0
2,Cell,14,14.0,471.0,224.0,-49.0,-42.0,0.0,84.7110918407432,64.53681120105021,0.0,0.0
2,Cell,15,15.0,472.0,219.0,-48.0,-47.0,5.0990195135927845,89.81011135433597,67.17886572427373,5.0990195135927845,-78.69006752597979
2,Cell,16,16.0,472.0,219.0,-48.0,-47.0,0.0,89.81011135433597,67.17886572427373,0.0,0.0
2,Cell,17,17.0,473.0,219.0,-47.0,-47.0,1.0,90.81011135433597,66.46803743153546,1.0,0.0
2,Cell,18,18.0,482.0,222.0,-38.0,-44.0,9.486832980505138,100.29694433484111,58.137767414994535,9.486832980505138,18.43494882292201
2,Cell,19,19.0,494.0,236.0,-26.0,-30.0,18.439088914585774,118.7360332494269,39.698866482558415,18.439088914585774,49.39870535499554
2,Cell,20,20.0,494.0,236.0,-26.0,-30.0,0.0,118.7360332494269,39.698866482558415,0.0,0.0
2,Cell,21,21.0,494.0,236.0,-26.0,-30.0,0.0,118.7360332494269,39.698866482558415,0.0,0.0
2,Cell,22,22.0,494.0,240.0,-26.0,-26.0,4.0,122.7360332494269,36.76955262170047,4.0,90.0
2,Cell,23,23.0,494.0,245.5,-26.0,-20.5,5.5,128.2360332494269,33.10966626228661,5.5,90.0
2,Cell,24,24.0,496.0,248.0,-24.0,-18.0,3.2015621187164243,131.43759536814332,30.0,3.2015621187164243,51.34019174590991
2,Cell,25,25.0,496.0,248.0,-24.0,-18.0,0.0,131.43759536814332,30.0,0.0,0.0
2,Cell,26,26.0,501.0,255.0,-19.0,-11.0,8.602325267042627,140.03992063518595,21.95449840010015,8.602325267042627,54.46232220802562
2,Cell,27,27.0,499.0,258.0,-21.0,-8.0,3.605551275463989,143.64547191064995,22.47220505424423,3.605551275463989,123.6900675259798
2,Cell,28,28.0,496.0,259.0,-24.0,-7.0,3.1622776601683795,146.80774957081832,25.0,3.1622776601683795,161.56505117707798
2,Cell,29,29.0,500.0,270.0,-20.0,4.0,11.704699910719626,158.51244948153794,20.396078054371138,11.704699910719626,70.01689347810003
28,Cell,0,0.0,942.0,542.0,0.0,0.0,0.0,0.0,0.0,0.0,0.0
28,Cell,1,1.0,942.0,542.0,0.0,0.0,0.0,0.0,0.0,0.0,0.0
28,Cell,2,2.0,942.0,542.0,0.0,0.0,0.0,0.0,0.0,0.0,0.0
28,Cell,3,3.0,942.0,542.0,0.0,0.0,0.0,0.0,0.0,0.0,0.0
28,Cell,4,4.0,937.0,549.0,-5.0,7.0,8.602325267042627,8.602325267042627,8.602325267042627,8.602325267042627,125.53767779197439
28,Cell,5,5.0,937.0,549.0,-5.0,7.0,0.0,8.602325267042627,8.602325267042627,0.0,0.0
28,Cell,6,6.0,937.0,549.0,-5.0,7.0,0.0,8.602325267042627,8.602325267042627,0.0,0.0
28,Cell,7,7.0,937.0,549.0,-5.0,7.0,0.0,8.602325267042627,8.602325267042627,0.0,0.0
28,Cell,8,8.0,964.0,523.0,22.0,-19.0,37.48332962798263,46.08565489502526,29.068883707497267,37.48332962798263,-43.91907581333932
28,Cell,9,9.0,977.0,507.0,35.0,-35.0,20.615528128088304,66.70118302311356,49.49747468305833,20.615528128088304,-50.9061411137705
