frame,track_id,x,y,w,h,centroid_x,centroid_y,area
11,21,226,394,21,21,236.0,404.0,342.0
12,21,224,386,21,21,234.0,396.0,342.0
13,21,221,381,21,21,231.0,391.0,342.0
14,21,228,378,21,21,238.0,388.0,342.0
15,21,237,380,22,22,247.6101545253863,390.38984547461365,377.5
16,21,241,383,23,22,252.02557544757033,393.4514066496164,391.0
17,21,249,384,21,21,259.0,394.0,342.0
18,21,249,384,21,21,259.0,394.0,342.0
19,21,249,384,21,21,259.0,394.0,342.0
20,21,249,384,21,21,259.0,394.0,342.0
21,21,249,384,21,22,259.0,394.5,362.0
22,21,249,386,21,21,259.0,396.0,342.0
23,21,249,386,21,21,259.0,396.0,342.0
24,21,251,389,22,22,261.5,399.5,372.0
25,21,252,390,21,21,262.0,400.0,342.0
26,21,252,390,21,21,262.0,400.0,342.0
27,21,252,390,21,21,262.0,400.0,342.0
28,21,252,390,21,21,262.0,400.0,342.0
29,21,252,390,21,21,262.0,400.0,342.0
30,21,252,390,22,21,262.5,400.0,362.0
31,21,253,390,21,21,263.0,400.0,342.0
32,21,273,390,21,21,283.0,400.0,342.0
33,21,260,389,21,21,270.0,399.0,342.0
34,21,260,389,21,21,270.0,399.0,342.0
35,21,255,393,21,21,265.0,403.0,342.0
36,21,255,393,21,21,265.0,403.0,342.0
37,21,255,393,21,21,265.0,403.0,342.0
38,21,255,393,21,21,265.0,403.0,342.0
39,21,268,402,21,21,278.0,412.0,342.0
40,21,268,402,21,21,278.0,412.0,342.0
41,21,266,399,21,21,276.0,409.0,342.0
42,21,266,399,21,21,276.0,409.0,342.0
43,21,266,399,21,21,276.0,409.0,342.0
44,21,266,399,21,21,276.0,409.0,342.0
45,21,266,399,22,21,276.5,409.0,362.0
46,21,267,399,21,21,277.0,409.0,342.0
47,21,274,400,21,21,284.0,410.0,342.0
48,21,274,400,21,21,284.0,410.0,342.0
49,21,274,400,21,21,284.0,410.0,342.0
50,21,274,400,21,21,284.0,410.0,342.0
51,21,274,400,21,21,284.0,410.0,342.0
52,21,274,400,21,21,284.0,410.0,342.0
53,21,274,400,21,21,284.0,410.0,342.0
54,21,274,400,21,21,284.0,410.0,342.0
55,21,274,400,21,21,284.0,410.0,342.0
56,21,275,400,21,21,285.0,410.0,342.0
57,21,278,400,24,21,289.5,410.0,402.0
58,21,281,400,21,21,291.0,410.0,342.0
59,21,281,400,21,21,291.0,410.0,342.0
60,21,281,400,21,21,291.0,410.0,342.0
61,21,281,400,21,21,291.0,410.0,342.0
62,21,281,400,21,21,291.0,410.0,342.0
63,21,281,400,21,21,291.0,410.0,342.0
64,21,281,400,21,21,291.0,410.0,342.0
65,21,281,400,21,21,291.0,410.0,342.0
66,21,282,414,21,21,292.0,424.0,342.0
67,21,282,414,21,21,292.0,424.0,342.0
68,21,282,414,21,21,292.0,424.0,342.0
69,21,282,428,21,21,292.0,438.0,342.0
70,21,282,428,21,21,292.0,438.0,342.0
71,21,282,428,21,21,292.0,438.0,342.0
72,21,282,428,21,21,292.0,438.0,342.0
73,21,282,428,21,21,292.0,438.0,342.0
74,21,282,428,21,21,292.0,438.0,342.0
75,21,282,428,21,21,292.0,438.0,342.0
76,21,282,428,21,21,292.0,438.0,342.0
77,21,282,428,21,21,292.0,438.0,342.0
78,21,282,428,21,21,292.0,438.0,342.0
79,21,282,428,21,21,292.0,438.0,342.0
80,21,282,428,21,21,292.0,438.0,342.0
81,21,282,428,21,21,292.0,438.0,342.0
82,21,281,437,21,21,291.0,447.0,342.0
83,21,273,443,21,21,283.0,453.0,342.0
0,23,287,308,23,23,298.0,319.0,404.0
1,23,312,314,23,23,323.0,325.0,404.0
2,23,303,327,23,23,314.0,338.0,404.0
3,23,303,327,23,23,314.0,338.0,404.0
4,23,302,320,23,23,313.0,331.0,404.0
5,23,300,308,23,23,311.0,319.0,404.0
6,23,296,304,23,23,307.0,315.0,404.0
7,23,294,305,24,24,305.3811676082862,316.3811676082862,442.5
8,23,298,290,23,23,309.0,301.0,404.0
9,23,298,290,23,23,309.0,301.0,404.0
10,23,295,302,23,23,306.0,313.0,404.0
11,23,295,302,23,23,306.0,313.0,404.0
12,23,295,293,23,23,306.0,304.0,404.0
13,23,311,288,23,23,322.0,299.0,404.0
14,23,311,288,23,23,322.0,299.0,404.0
15,23,311,291,23,23,322.0,302.0,404.0
16,23,287,272,24,23,298.5,283.0,426.0
17,23,287,272,23,23,298.0,283.0,404.0
18,23,297,277,23,23,308.0,288.0,404.0
19,23,289,295,23,23,300.0,306.0,404.0
20,23,311,295,23,23,322.0,306.0,404.0
21,23,303,280,23,23,314.0,291.0,404.0
22,23,303,280,23,23,314.0,291.0,404.0
23,23,301,262,23,23,312.0,273.0,404.0
24,23,301,262,23,23,312.0,273.0,404.0
25,23,301,272,23,23,312.0,283.0,404.0
26,23,291,272,23,23,302.0,283.0,404.0
27,23,288,266,23,23,299.0,277.0,404.0
28,23,285,262,23,23,296.0,273.0,404.0
29,23,299,241,23,23,310.0,252.0,404.0
30,23,273,243,23,23,284.0,254.0,404.0
31,23,273,255,23,23,284.0,266.0,404.0
32,23,285,272,23,23,296.0,283.0,404.0
33,23,287,274,23,23,298.0,285.0,404.0
34,23,286,261,23,23,297.0,272.0,404.0
35,23,276,264,23,23,287.0,275.0,404.0
36,23,276,270,23,23,287.0,281.0,404.0
37,23,276,270,23,23,287.0,281.0,404.0
38,23,276,270,23,23,287.0,281.0,404.0
39,23,284,279,23,23,295.0,290.0,404.0
40,23,286,279,23,23,297.0,290.0,404.0
41,23,295,280,23,23,306.0,291.0,404.0
42,23,309,270,23,23,320.0,281.0,404.0
43,23,294,285,23,23,305.0,296.0,404.0
44,23,294,285,23,23,305.0,296.0,404.0
45,23,294,285,23,23,305.0,296.0,404.0
46,23,303,276,23,23,314.0,287.0,404.0
47,23,305,269,23,23,316.0,280.0,404.0
48,23,300,272,23,23,311.0,283.0,404.0
49,23,300,273,23,23,311.0,284.0,404.0
50,23,300,273,23,23,311.0,284.0,404.0
51,23,301,275,23,23,312.0,286.0,404.0
52,23,301,275,23,23,312.0,286.0,404.0
53,23,285,304,23,23,296.0,315.0,404.0
54,23,295,294,23,23,306.0,305.0,404.0
55,23,296,267,23,23,307.0,278.0,404.0
56,23,299,275,23,23,310.0,286.0,404.0
57,23,320,308,23,23,331.0,319.0,404.0
58,23,313,295,23,23,324.0,306.0,404.0
59,23,277,272,23,23,288.0,283.0,404.0
60,23,288,281,23,23,299.0,292.0,404.0
61,23,298,281,23,23,309.0,292.0,404.0
62,23,313,274,23,23,324.0,285.0,404.0
63,23,313,274,23,23,324.0,285.0,404.0
64,23,309,278,23,23,320.0,289.0,404.0
65,23,299,300,23,23,310.0,311.0,404.0
0,32,273,43,23,23,284.0,54.0,404.0
1,32,273,43,23,23,284.0,54.0,404.0
2,32,268,41,23,23,279.0,52.0,404.0
3,32,268,41,23,23,279.0,52.0,404.0
4,32,267,41,23,23,278.0,52.0,404.0
5,32,267,41,23,23,278.0,52.0,404.0
6,32,250,39,23,23,261.0,50.0,404.0
7,32,250,39,23,23,261.0,50.0,404.0
8,32,250,39,23,23,261.0,50.0,404.0
9,32,250,39,23,23,261.0,50.0,404.0
10,32,259,40,23,23,270.0,51.0,404.0
11,32,259,40,23,23,270.0,51.0,404.0
12,32,259,40,23,23,270.0,51.0,404.0
13,32,259,40,23,23,270.0,51.0,404.0
14,32,259,40,23,23,270.0,51.0,404.0
15,32,265,40,23,23,276.0,51.0,404.0
16,32,265,40,23,23,276.0,51.0,404.0
17,32,265,40,23,23,276.0,51.0,404.0
18,32,265,40,23,23,276.0,51.0,404.0
19,32,265,40,23,23,276.0,51.0,404.0
20,32,265,40,23,23,276.0,51.0,404.0
21,32,265,40,23,23,276.0,51.0,404.0
22,32,265,40,23,23,276.0,51.0,404.0
23,32,265,40,23,23,276.0,51.0,404.0
24,32,265,40,23,23,276.0,51.0,404.0
25,32,255,38,23,23,266.0,49.0,404.0
26,32,269,38,23,23,280.0,49.0,404.0
27,32,269,38,23,23,280.0,49.0,404.0
28,32,269,38,23,23,280.0,49.0,404.0
29,32,269,38,23,23,280.0,49.0,404.0
30,32,276,39,23,23,287.0,50.0,404.0
31,32,276,39,23,23,287.0,50.0,404.0
32,32,276,39,23,23,287.0,50.0,404.0
33,32,282,40,23,23,293.0,51.0,404.0
34,32,283,41,23,23,294.0,52.0,404.0
35,32,288,41,23,23,299.0,52.0,404.0
36,32,288,41,24,23,299.5,52.0,426.0
37,32,289,41,23,23,300.0,52.0,404.0
38,32,289,41,23,24,300.0,52.5,426.0
39,32,289,42,23,23,300.0,53.0,404.0
40,32,291,43,23,23,302.0,54.0,404.0
41,32,297,46,23,23,308.0,57.0,404.0
42,32,301,53,24,24,312.5,64.5,436.0
43,32,302,54,23,23,313.0,65.0,404.0
44,32,296,53,23,23,307.0,64.0,404.0
45,32,296,53,23,23,307.0,64.0,404.0
46,32,296,53,23,23,307.0,64.0,404.0
47,32,296,53,23,23,307.0,64.0,404.0
48,32,296,53,23,23,307.0,64.0,404.0
49,32,298,51,23,23,309.0,62.0,404.0
50,32,298,51,23,23,309.0,62.0,404.0
51,32,298,51,23,23,309.0,62.0,404.0
52,32,298,51,23,23,309.0,62.0,404.0
53,32,298,51,23,23,309.0,62.0,404.0
54,32,298,51,23,23,309.0,62.0,404.0
55,32,304,41,23,23,315.0,52.0,404.0
56,32,304,41,23,23,315.0,52.0,404.0
57,32,304,41,23,23,315.0,52.0,404.0
58,32,304,41,23,23,315.0,52.0,404.0
59,32,280,48,23,23,291.0,59.0,404.0
60,32,299,47,23,23,310.0,58.0,404.0
61,32,293,47,23,23,304.0,58.0,404.0
62,32,293,47,23,23,304.0,58.0,404.0
63,32,293,47,23,23,304.0,58.0,404.0
22,16,61,342,25,25,73.0,354.0,480.0
23,16,60,337,25,25,72.0,349.0,480.0
24,16,56,332,25,25,68.0,344.0,480.0
25,16,45,321,25,25,57.0,333.0,480.0
26,16,43,321,25,25,55.0,333.0,480.0
27,16,37,326,25,25,49.0,338.0,480.0
28,16,37,326,25,25,49.0,338.0,480.0
29,16,37,326,25,25,49.0,338.0,480.0
30,16,37,326,25,25,49.0,338.0,480.0
31,16,37,326,25,25,49.0,338.0,480.0
32,16,37,326,25,25,49.0,338.0,480.0
33,16,37,326,25,25,49.0,338.0,480.0
34,16,37,326,25,25,49.0,338.0,480.0
35,16,37,326,25,25,49.0,338.0,480.0
36,16,42,327,25,25,54.0,339.0,480.0
37,16,42,327,25,25,54.0,339.0,480.0
38,16,42,327,25,25,54.0,339.0,480.0
39,16,42,327,25,25,54.0,339.0,480.0
40,16,42,327,25,25,54.0,339.0,480.0
41,16,42,327,25,25,54.0,339.0,480.0
42,16,45,339,25,25,57.0,351.0,480.0
43,16,44,339,25,25,56.0,351.0,480.0
44,16,43,339,25,25,55.0,351.0,480.0
45,16,43,339,25,25,55.0,351.0,480.0
46,16,43,339,25,25,55.0,351.0,480.0
47,16,43,339,25,25,55.0,351.0,480.0
48,16,41,337,25,25,53.0,349.0,480.0
49,16,41,337,25,25,53.0,349.0,480.0
50,16,41,337,25,25,53.0,349.0,480.0
51,16,41,337,25,25,53.0,349.0,480.0
52,16,41,337,25,25,53.0,349.0,480.0
53,16,41,337,25,25,53.0,349.0,480.0
54,16,41,337,25,25,53.0,349.0,480.0
55,16,41,337,25,25,53.0,349.0,480.0
56,16,41,337,25,25,53.0,349.0,480.0
57,16,41,337,25,25,53.0,349.0,480.0
58,16,41,337,25,25,53.0,349.0,480.0
59,16,41,337,25,25,53.0,349.0,480.0
60,16,41,337,25,25,53.0,349.0,480.0
61,16,41,337,25,25,53.0,349.0,480.0
62,16,41,337,25,25,53.0,349.0,480.0
63,16,41,337,25,25,53.0,349.0,480.0
64,16,41,337,25,25,53.0,349.0,480.0
65,16,41,337,25,25,53.0,349.0,480.0
66,16,29,328,25,25,41.0,340.0,480.0
67,16,29,328,25,25,41.0,340.0,480.0
68,16,29,328,25,25,41.0,340.0,480.0
69,16,34,328,25,25,46.0,340.0,480.0
70,16,34,328,25,25,46.0,340.0,480.0
71,16,34,328,25,25,46.0,340.0,480.0
72,16,34,328,25,25,46.0,340.0,480.0
73,16,34,328,25,25,46.0,340.0,480.0
74,16,34,328,25,25,46.0,340.0,480.0
75,16,34,328,25,25,46.0,340.0,480.0
76,16,34,328,25,25,46.0,340.0,480.0
77,16,34,328,25,25,46.0,340.0,480.0
78,16,34,328,25,25,46.0,340.0,480.0
79,16,34,328,25,25,46.0,340.0,480.0
80,16,34,328,25,25,46.0,340.0,480.0
81,16,32,345,25,25,44.0,357.0,480.0
82,16,32,345,25,25,44.0,357.0,480.0
83,16,32,345,25,25,44.0,357.0,480.0
22,18,91,408,25,25,103.0,420.0,480.0
23,18,78,396,25,25,90.0,408.0,480.0
24,18,80,405,25,25,92.0,417.0,480.0
25,18,85,405,25,25,97.0,417.0,480.0
26,18,87,408,26,25,99.5,420.0,504.0
27,18,92,409,25,25,104.0,421.0,480.0
28,18,92,409,25,25,104.0,421.0,480.0
29,18,92,409,25,25,104.0,421.0,480.0
30,18,92,409,25,25,104.0,421.0,480.0
31,18,95,409,25,25,107.0,421.0,480.0
32,18,95,409,25,25,107.0,421.0,480.0
33,18,99,401,25,25,111.0,413.0,480.0
34,18,99,401,25,25,111.0,413.0,480.0
35,18,99,401,25,25,111.0,413.0,480.0
36,18,99,401,25,25,111.0,413.0,480.0
37,18,99,401,25,25,111.0,413.0,480.0
38,18,99,401,25,25,111.0,413.0,480.0
39,18,99,401,25,25,111.0,413.0,480.0
40,18,99,401,25,25,111.0,413.0,480.0
41,18,99,401,25,25,111.0,413.0,480.0
42,18,109,402,25,25,121.0,414.0,480.0
43,18,109,402,25,25,121.0,414.0,480.0
44,18,110,411,25,27,122.0,424.0,528.0
45,18,110,413,25,25,122.0,425.0,480.0
46,18,111,413,26,25,123.5,425.0,504.0
47,18,112,413,25,25,124.0,425.0,480.0
48,18,112,413,25,25,124.0,425.0,480.0
49,18,115,415,25,25,127.0,427.0,480.0
50,18,115,415,25,25,127.0,427.0,480.0
51,18,115,415,25,25,127.0,427.0,480.0
52,18,115,415,25,25,127.0,427.0,480.0
53,18,115,415,25,25,127.0,427.0,480.0
54,18,115,415,25,25,127.0,427.0,480.0
55,18,115,415,25,25,127.0,427.0,480.0
56,18,115,415,25,25,127.0,427.0,480.0
57,18,115,415,25,25,127.0,427.0,480.0
58,18,115,415,25,25,127.0,427.0,480.0
59,18,115,415,25,25,127.0,427.0,480.0
60,18,115,415,25,25,127.0,427.0,480.0
61,18,115,415,25,25,127.0,427.0,480.0
62,18,115,415,25,25,127.0,427.0,480.0
63,18,115,415,25,25,127.0,427.0,480.0
64,18,115,415,25,25,127.0,427.0,480.0
65,18,115,415,25,25,127.0,427.0,480.0
66,18,115,415,25,25,127.0,427.0,480.0
67,18,115,415,25,25,127.0,427.0,480.0
68,18,115,415,25,25,127.0,427.0,480.0
69,18,118,433,25,25,130.0,445.0,480.0
70,18,118,433,25,25,130.0,445.0,480.0
71,18,118,433,25,25,130.0,445.0,480.0
72,18,118,433,25,25,130.0,445.0,480.0
73,18,118,433,25,25,130.0,445.0,480.0
74,18,118,433,25,25,130.0,445.0,480.0
75,18,118,433,25,25,130.0,445.0,480.0
76,18,118,433,25,25,130.0,445.0,480.0
77,18,118,433,25,25,130.0,445.0,480.0
78,18,118,433,25,25,130.0,445.0,480.0
79,18,118,433,25,25,130.0,445.0,480.0
80,18,118,433,25,25,130.0,445.0,480.0
81,18,118,433,25,25,130.0,445.0,480.0
82,18,118,433,25,25,130.0,445.0,480.0
83,18,118,433,25,25,130.0,445.0,480.0
0,11,303,201,25,25,315.0,213.0,480.0
1,11,306,170,25,25,318.0,182.0,480.0
2,11,307,182,25,25,319.0,194.0,480.0
3,11,301,186,25,25,313.0,198.0,480.0
4,11,301,186,25,25,313.0,198.0,480.0
5,11,301,186,25,25,313.0,198.0,480.0
6,11,301,186,25,25,313.0,198.0,480.0
7,11,301,186,25,25,313.0,198.0,480.0
8,11,301,186,25,25,313.0,198.0,480.0
9,11,323,186,25,25,335.0,198.0,480.0
10,11,323,186,25,25,335.0,198.0,480.0
11,11,323,186,25,25,335.0,198.0,480.0
12,11,335,168,25,25,347.0,180.0,480.0
13,11,335,168,25,25,347.0,180.0,480.0
14,11,335,168,25,25,347.0,180.0,480.0
15,11,340,177,25,25,352.0,189.0,480.0
16,11,340,177,25,25,352.0,189.0,480.0
17,11,340,177,25,25,352.0,189.0,480.0
18,11,340,177,25,25,352.0,189.0,480.0
19,11,322,178,25,25,334.0,190.0,480.0
20,11,316,180,25,25,328.0,192.0,480.0
21,11,297,168,25,25,309.0,180.0,480.0
22,11,297,163,25,25,309.0,175.0,480.0
23,11,297,159,25,25,309.0,171.0,480.0
24,11,302,153,25,25,314.0,165.0,480.0
25,11,302,153,25,25,314.0,165.0,480.0
26,11,291,158,25,25,303.0,170.0,480.0
27,11,285,160,25,25,297.0,172.0,480.0
28,11,285,160,25,25,297.0,172.0,480.0
29,11,270,156,25,25,282.0,168.0,480.0
30,11,262,153,25,25,274.0,165.0,480.0
31,11,278,169,25,25,290.0,181.0,480.0
32,11,266,168,25,25,278.0,180.0,480.0
33,11,288,171,25,25,300.0,183.0,480.0
34,11,288,171,25,25,300.0,183.0,480.0
35,11,292,168,26,25,304.5,180.0,504.0
36,11,293,168,25,25,305.0,180.0,480.0
37,11,293,168,25,25,305.0,180.0,480.0
38,11,278,167,25,25,290.0,179.0,480.0
39,11,278,167,25,25,290.0,179.0,480.0
40,11,278,167,25,25,290.0,179.0,480.0
41,11,277,176,25,26,289.0,188.5,504.0
42,11,277,177,25,25,289.0,189.0,480.0
43,11,288,152,25,25,300.0,164.0,480.0
44,11,302,153,28,25,315.5,165.0,552.0
45,11,305,153,27,26,317.96654275092936,165.56133828996283,538.0
46,11,303,145,26,25,315.5,157.0,504.0
47,11,308,139,25,25,320.0,151.0,480.0
48,11,331,158,25,25,343.0,170.0,480.0
49,11,330,163,25,25,342.0,175.0,480.0
50,11,330,163,25,25,342.0,175.0,480.0
51,11,329,140,25,25,341.0,152.0,480.0
52,11,306,153,25,25,318.0,165.0,480.0
53,11,316,164,25,25,328.0,176.0,480.0
54,11,321,164,25,25,333.0,176.0,480.0
55,11,321,164,25,25,333.0,176.0,480.0
56,11,311,155,25,25,323.0,167.0,480.0
57,11,311,155,25,25,323.0,167.0,480.0
58,11,284,155,25,25,296.0,167.0,480.0
59,11,290,169,25,25,302.0,181.0,480.0
60,11,310,163,25,25,322.0,175.0,480.0
61,11,324,163,25,25,336.0,175.0,480.0
0,27,408,286,23,23,419.0,297.0,404.0
1,27,412,286,23,23,423.0,297.0,404.0
2,27,412,286,23,23,423.0,297.0,404.0
3,27,412,286,23,23,423.0,297.0,404.0
4,27,413,286,23,23,424.0,297.0,404.0
5,27,413,286,24,24,424.5,297.5,436.0
6,27,421,283,23,23,432.0,294.0,404.0
7,27,421,283,23,23,432.0,294.0,404.0
8,27,421,275,23,23,432.0,286.0,404.0
9,27,421,275,23,23,432.0,286.0,404.0
10,27,421,275,23,23,432.0,286.0,404.0
11,27,421,275,23,23,432.0,286.0,404.0
12,27,415,275,23,23,426.0,286.0,404.0
13,27,410,282,23,23,421.0,293.0,404.0
14,27,410,282,23,23,421.0,293.0,404.0
15,27,410,282,23,23,421.0,293.0,404.0
16,27,436,292,23,23,447.0,303.0,404.0
17,27,438,284,23,23,449.0,295.0,404.0
18,27,414,269,23,23,425.0,280.0,404.0
19,27,419,281,23,23,430.0,292.0,404.0
20,27,419,281,23,23,430.0,292.0,404.0
21,27,419,282,23,23,430.0,293.0,404.0
22,27,419,282,23,23,430.0,293.0,404.0
23,27,419,282,23,23,430.0,293.0,404.0
24,27,410,287,23,23,421.0,298.0,404.0
25,27,410,287,23,23,421.0,298.0,404.0
26,27,406,278,23,23,417.0,289.0,404.0
27,27,406,278,23,23,417.0,289.0,404.0
28,27,406,278,23,23,417.0,289.0,404.0
29,27,417,278,23,23,428.0,289.0,404.0
30,27,424,278,23,23,435.0,289.0,404.0
31,27,424,278,23,23,435.0,289.0,404.0
32,27,424,277,23,23,435.0,288.0,404.0
33,27,429,291,23,23,440.0,302.0,404.0
34,27,428,294,23,23,439.0,305.0,404.0
35,27,428,294,23,23,439.0,305.0,404.0
36,27,427,294,23,23,438.0,305.0,404.0
37,27,427,294,23,23,438.0,305.0,404.0
38,27,437,275,23,23,448.0,286.0,404.0
39,27,426,276,23,23,437.0,287.0,404.0
40,27,427,282,23,23,438.0,293.0,404.0
41,27,427,282,23,23,438.0,293.0,404.0
42,27,431,284,23,23,442.0,295.0,404.0
43,27,431,284,23,23,442.0,295.0,404.0
44,27,431,284,23,23,442.0,295.0,404.0
45,27,431,284,23,23,442.0,295.0,404.0
46,27,431,284,23,23,442.0,295.0,404.0
47,27,441,280,23,23,452.0,291.0,404.0
48,27,429,272,23,23,440.0,283.0,404.0
49,27,431,255,24,24,442.5,266.5,436.0
50,27,433,272,23,23,444.0,283.0,404.0
51,27,433,272,23,23,444.0,283.0,404.0
52,27,433,272,23,23,444.0,283.0,404.0
53,27,433,272,23,23,444.0,283.0,404.0
54,27,433,272,23,23,444.0,283.0,404.0
55,27,433,272,23,23,444.0,283.0,404.0
56,27,433,272,23,23,444.0,283.0,404.0
57,27,432,265,23,23,443.0,276.0,404.0
58,27,432,265,23,23,443.0,276.0,404.0
59,27,428,282,23,23,439.0,293.0,404.0
30,4,111,182,27,27,124.0,195.0,570.0
31,4,111,182,27,27,124.0,195.0,570.0
32,4,103,185,27,27,116.0,198.0,570.0
33,4,93,197,27,27,106.0,210.0,570.0
34,4,77,205,27,27,90.0,218.0,570.0
35,4,70,213,27,27,83.0,226.0,570.0
36,4,74,205,27,27,87.0,218.0,570.0
37,4,74,205,27,27,87.0,218.0,570.0
38,4,74,205,27,27,87.0,218.0,570.0
39,4,70,205,27,27,83.0,218.0,570.0
40,4,69,204,27,27,82.0,217.0,570.0
41,4,60,201,27,27,73.0,214.0,570.0
42,4,60,201,27,27,73.0,214.0,570.0
43,4,60,201,27,27,73.0,214.0,570.0
44,4,60,201,27,27,73.0,214.0,570.0
45,4,60,201,27,27,73.0,214.0,570.0
46,4,60,201,27,27,73.0,214.0,570.0
47,4,60,201,27,27,73.0,214.0,570.0
48,4,60,201,27,27,73.0,214.0,570.0
49,4,60,201,27,27,73.0,214.0,570.0
50,4,60,201,27,27,73.0,214.0,570.0
51,4,60,201,27,27,73.0,214.0,570.0
52,4,54,199,27,27,67.0,212.0,570.0
53,4,54,199,27,27,67.0,212.0,570.0
54,4,52,198,27,27,65.0,211.0,570.0
55,4,52,198,27,27,65.0,211.0,570.0
56,4,51,197,27,27,64.0,210.0,570.0
57,4,51,197,27,27,64.0,210.0,570.0
58,4,51,197,27,27,64.0,210.0,570.0
59,4,51,197,27,27,64.0,210.0,570.0
60,4,53,200,27,27,66.0,213.0,570.0
61,4,51,199,27,27,64.0,212.0,570.0
62,4,49,196,27,27,62.0,209.0,570.0
63,4,49,196,27,27,62.0,209.0,570.0
64,4,49,196,27,27,62.0,209.0,570.0
65,4,49,196,27,27,62.0,209.0,570.0
66,4,49,196,27,27,62.0,209.0,570.0
67,4,49,196,27,27,62.0,209.0,570.0
68,4,49,196,27,27,62.0,209.0,570.0
69,4,49,196,27,27,62.0,209.0,570.0
70,4,43,192,27,27,56.0,205.0,570.0
71,4,43,192,27,27,56.0,205.0,570.0
72,4,43,192,27,27,56.0,205.0,570.0
73,4,42,186,27,27,55.0,199.0,570.0
74,4,42,186,27,27,55.0,199.0,570.0
75,4,42,186,27,27,55.0,199.0,570.0
76,4,42,186,27,27,55.0,199.0,570.0
77,4,42,186,27,27,55.0,199.0,570.0
78,4,42,186,27,27,55.0,199.0,570.0
79,4,39,183,27,27,52.0,196.0,570.0
80,4,47,175,27,27,60.0,188.0,570.0
81,4,47,175,27,27,60.0,188.0,570.0
82,4,38,171,27,27,51.0,184.0,570.0
83,4,37,171,27,27,50.0,184.0,570.0
30,3,187,187,27,27,200.0,200.0,570.0
31,3,184,170,27,27,197.0,183.0,570.0
32,3,184,170,27,27,197.0,183.0,570.0
33,3,193,150,27,27,206.0,163.0,570.0
34,3,193,150,27,27,206.0,163.0,570.0
35,3,182,165,27,27,195.0,178.0,570.0
36,3,182,165,27,27,195.0,178.0,570.0
37,3,182,165,27,27,195.0,178.0,570.0
38,3,182,165,27,27,195.0,178.0,570.0
39,3,171,170,27,27,184.0,183.0,570.0
40,3,171,170,27,27,184.0,183.0,570.0
41,3,180,150,27,27,193.0,163.0,570.0
42,3,180,150,27,27,193.0,163.0,570.0
43,3,180,150,27,27,193.0,163.0,570.0
44,3,180,150,27,27,193.0,163.0,570.0
45,3,180,150,27,27,193.0,163.0,570.0
46,3,180,155,28,28,193.5,168.5,608.0
47,3,179,162,27,27,192.0,175.0,570.0
48,3,179,162,27,27,192.0,175.0,570.0
49,3,179,162,28,27,192.5,175.0,596.0
50,3,183,163,27,27,196.0,176.0,570.0
51,3,183,163,27,27,196.0,176.0,570.0
52,3,183,163,27,27,196.0,176.0,570.0
53,3,183,163,27,27,196.0,176.0,570.0
54,3,183,163,27,27,196.0,176.0,570.0
55,3,183,163,27,27,196.0,176.0,570.0
56,3,183,163,27,27,196.0,176.0,570.0
57,3,183,163,27,27,196.0,176.0,570.0
58,3,183,163,27,27,196.0,176.0,570.0
59,3,183,163,27,27,196.0,176.0,570.0
60,3,183,163,27,27,196.0,176.0,570.0
61,3,183,163,27,27,196.0,176.0,570.0
62,3,183,163,27,27,196.0,176.0,570.0
63,3,183,163,27,27,196.0,176.0,570.0
64,3,183,163,27,27,196.0,176.0,570.0
65,3,183,163,27,27,196.0,176.0,570.0
66,3,183,163,27,27,196.0,176.0,570.0
67,3,183,163,27,27,196.0,176.0,570.0
68,3,183,163,27,27,196.0,176.0,570.0
69,3,183,163,27,27,196.0,176.0,570.0
70,3,183,163,27,27,196.0,176.0,570.0
71,3,183,163,27,27,196.0,176.0,570.0
72,3,183,163,27,27,196.0,176.0,570.0
73,3,183,163,27,27,196.0,176.0,570.0
74,3,183,163,27,27,196.0,176.0,570.0
75,3,183,163,27,27,196.0,176.0,570.0
76,3,183,163,27,27,196.0,176.0,570.0
77,3,183,163,27,27,196.0,176.0,570.0
78,3,183,163,27,27,196.0,176.0,570.0
79,3,183,163,27,27,196.0,176.0,570.0
80,3,183,163,27,27,196.0,176.0,570.0
81,3,183,163,27,27,196.0,176.0,570.0
82,3,183,163,27,27,196.0,176.0,570.0
83,3,183,163,27,27,196.0,176.0,570.0
36,8,118,319,25,25,130.0,331.0,480.0
37,8,106,303,25,25,118.0,315.0,480.0
38,8,101,291,25,25,113.0,303.0,480.0
39,8,103,289,27,25,116.0,301.0,528.0
40,8,108,283,25,25,120.0,295.0,480.0
41,8,108,283,25,25,120.0,295.0,480.0
42,8,108,283,25,25,120.0,295.0,480.0
43,8,108,283,25,25,120.0,295.0,480.0
44,8,103,296,25,25,115.0,308.0,480.0
45,8,103,296,25,25,115.0,308.0,480.0
46,8,103,296,25,25,115.0,308.0,480.0
47,8,103,296,25,25,115.0,308.0,480.0
48,8,103,296,25,25,115.0,308.0,480.0
49,8,103,296,25,25,115.0,308.0,480.0
50,8,103,296,25,25,115.0,308.0,480.0
51,8,103,296,25,25,115.0,308.0,480.0
52,8,103,296,25,25,115.0,308.0,480.0
53,8,103,296,25,25,115.0,308.0,480.0
54,8,103,296,25,25,115.0,308.0,480.0
55,8,103,296,25,25,115.0,308.0,480.0
56,8,103,296,25,25,115.0,308.0,480.0
57,8,103,296,25,25,115.0,308.0,480.0
58,8,103,296,25,25,115.0,308.0,480.0
59,8,103,296,25,25,115.0,308.0,480.0
60,8,103,296,25,25,115.0,308.0,480.0
61,8,103,296,25,25,115.0,308.0,480.0
62,8,103,296,25,25,115.0,308.0,480.0
63,8,103,296,25,25,115.0,308.0,480.0
64,8,103,296,25,25,115.0,308.0,480.0
65,8,103,296,25,25,115.0,308.0,480.0
66,8,103,296,25,25,115.0,308.0,480.0
67,8,103,296,25,25,115.0,308.0,480.0
68,8,103,296,25,25,115.0,308.0,480.0
69,8,103,296,25,25,115.0,308.0,480.0
70,8,94,313,25,25,106.0,325.0,480.0
71,8,94,313,25,25,106.0,325.0,480.0
72,8,89,317,25,25,101.0,329.0,480.0
73,8,87,317,25,25,99.0,329.0,480.0
74,8,87,317,25,25,99.0,329.0,480.0
75,8,87,317,25,25,99.0,329.0,480.0
76,8,87,317,25,25,99.0,329.0,480.0
77,8,90,317,26,25,102.5,329.0,504.0
78,8,91,317,25,25,103.0,329.0,480.0
79,8,91,317,25,25,103.0,329.0,480.0
80,8,91,317,25,25,103.0,329.0,480.0
81,8,82,311,25,25,94.0,323.0,480.0
82,8,82,311,25,25,94.0,323.0,480.0
83,8,82,311,25,25,94.0,323.0,480.0
36,10,182,262,25,25,194.0,274.0,480.0
37,10,165,275,26,25,177.5,287.0,504.0
38,10,172,288,26,25,184.5,300.0,504.0
39,10,196,305,25,25,208.0,317.0,480.0
40,10,198,309,25,25,210.0,321.0,480.0
41,10,198,309,25,25,210.0,321.0,480.0
42,10,198,309,25,25,210.0,321.0,480.0
43,10,198,309,25,25,210.0,321.0,480.0
44,10,198,309,25,25,210.0,321.0,480.0
45,10,197,309,25,25,209.0,321.0,480.0
46,10,196,309,25,25,208.0,321.0,480.0
47,10,195,309,25,25,207.0,321.0,480.0
48,10,193,308,25,25,205.0,320.0,480.0
49,10,193,308,25,25,205.0,320.0,480.0
50,10,193,308,25,25,205.0,320.0,480.0
51,10,193,308,25,25,205.0,320.0,480.0
52,10,193,308,25,25,205.0,320.0,480.0
53,10,193,308,25,25,205.0,320.0,480.0
54,10,193,308,25,25,205.0,320.0,480.0
55,10,193,308,25,25,205.0,320.0,480.0
56,10,193,308,25,25,205.0,320.0,480.0
57,10,193,308,25,25,205.0,320.0,480.0
58,10,193,308,25,25,205.0,320.0,480.0
59,10,193,308,25,25,205.0,320.0,480.0
60,10,193,308,25,25,205.0,320.0,480.0
61,10,193,308,25,25,205.0,320.0,480.0
62,10,193,308,25,25,205.0,320.0,480.0
63,10,193,308,25,25,205.0,320.0,480.0
64,10,193,308,25,25,205.0,320.0,480.0
65,10,193,308,25,25,205.0,320.0,480.0
66,10,193,308,25,25,205.0,320.0,480.0
67,10,193,308,25,25,205.0,320.0,480.0
68,10,193,308,25,25,205.0,320.0,480.0
69,10,193,308,25,25,205.0,320.0,480.0
70,10,193,308,25,25,205.0,320.0,480.0
71,10,193,308,25,25,205.0,320.0,480.0
72,10,190,308,25,25,202.0,320.0,480.0
73,10,186,307,25,25,198.0,319.0,480.0
74,10,186,307,25,25,198.0,319.0,480.0
75,10,185,306,25,25,197.0,318.0,480.0
76,10,181,300,25,25,193.0,312.0,480.0
77,10,181,300,25,25,193.0,312.0,480.0
78,10,181,300,25,25,193.0,312.0,480.0
79,10,181,300,25,25,193.0,312.0,480.0
80,10,181,300,25,25,193.0,312.0,480.0
81,10,181,300,25,25,193.0,312.0,480.0
82,10,181,300,25,25,193.0,312.0,480.0
83,10,181,300,25,25,193.0,312.0,480.0
11,22,160,417,25,25,172.0,429.0,480.0
12,22,160,417,25,25,172.0,429.0,480.0
13,22,159,419,25,28,171.0,432.5,552.0
14,22,155,436,26,25,167.5,448.0,504.0
15,22,154,447,25,25,166.0,459.0,480.0
16,22,153,449,25,25,165.0,461.0,480.0
17,22,153,449,25,26,165.0,461.5,504.0
18,22,153,448,25,25,165.0,460.0,480.0
19,22,146,445,25,25,158.0,457.0,480.0
20,22,146,445,25,25,158.0,457.0,480.0
21,22,146,445,25,25,158.0,457.0,480.0
22,22,146,444,25,26,158.0,456.5,504.0
23,22,146,444,25,25,158.0,456.0,480.0
24,22,146,444,25,25,158.0,456.0,480.0
25,22,156,446,25,25,168.0,458.0,480.0
26,22,165,446,25,25,177.0,458.0,480.0
27,22,165,446,25,25,177.0,458.0,480.0
28,22,165,446,25,25,177.0,458.0,480.0
29,22,165,446,25,25,177.0,458.0,480.0
30,22,172,447,26,25,184.5,459.0,504.0
31,22,178,448,25,25,190.0,460.0,480.0
32,22,178,448,25,25,190.0,460.0,480.0
33,22,178,448,25,25,190.0,460.0,480.0
34,22,178,448,25,25,190.0,460.0,480.0
35,22,178,448,25,25,190.0,460.0,480.0
36,22,178,448,25,25,190.0,460.0,480.0
37,22,178,448,25,25,190.0,460.0,480.0
38,22,178,448,25,25,190.0,460.0,480.0
39,22,178,448,25,25,190.0,460.0,480.0
40,22,178,449,25,25,190.0,461.0,480.0
41,22,172,449,25,25,184.0,461.0,480.0
42,22,182,448,25,25,194.0,460.0,480.0
43,22,176,447,25,25,188.0,459.0,480.0
44,22,184,452,23,23,195.0,463.0,404.0
45,22,190,446,23,23,201.0,457.0,404.0
46,22,184,454,24,23,195.5,465.0,426.0
47,22,185,453,23,23,196.0,464.0,404.0
48,22,193,454,23,23,204.0,465.0,404.0
49,22,198,456,21,21,208.0,466.0,342.0
50,22,191,450,21,21,201.0,460.0,342.0
51,22,194,451,21,21,204.0,461.0,342.0
52,22,192,450,21,21,202.0,460.0,342.0
53,22,188,448,21,21,198.0,458.0,342.0
54,22,198,449,21,21,208.0,459.0,342.0
55,22,206,452,21,21,216.0,462.0,342.0
56,22,201,451,21,21,211.0,461.0,342.0
0,7,147,283,25,25,159.0,295.0,480.0
1,7,147,283,25,25,159.0,295.0,480.0
2,7,147,283,25,25,159.0,295.0,480.0
3,7,149,283,25,25,161.0,295.0,480.0
4,7,149,283,25,25,161.0,295.0,480.0
5,7,149,283,25,25,161.0,295.0,480.0
6,7,149,283,25,25,161.0,295.0,480.0
7,7,149,283,25,25,161.0,295.0,480.0
8,7,149,283,25,25,161.0,295.0,480.0
9,7,149,283,25,25,161.0,295.0,480.0
10,7,149,283,25,25,161.0,295.0,480.0
11,7,149,283,25,25,161.0,295.0,480.0
12,7,149,283,25,25,161.0,295.0,480.0
13,7,149,283,25,25,161.0,295.0,480.0
14,7,149,283,25,25,161.0,295.0,480.0
15,7,149,283,25,25,161.0,295.0,480.0
16,7,149,283,25,25,161.0,295.0,480.0
17,7,149,283,25,25,161.0,295.0,480.0
18,7,149,283,25,25,161.0,295.0,480.0
19,7,149,283,25,25,161.0,295.0,480.0
20,7,149,283,25,25,161.0,295.0,480.0
21,7,149,283,25,25,161.0,295.0,480.0
22,7,149,283,25,25,161.0,295.0,480.0
23,7,149,283,25,25,161.0,295.0,480.0
24,7,149,283,25,25,161.0,295.0,480.0
25,7,152,292,25,25,164.0,304.0,480.0
26,7,152,292,25,25,164.0,304.0,480.0
27,7,152,292,25,25,164.0,304.0,480.0
28,7,152,292,25,25,164.0,304.0,480.0
29,7,152,292,25,25,164.0,304.0,480.0
30,7,152,292,25,25,164.0,304.0,480.0
31,7,152,292,25,25,164.0,304.0,480.0
32,7,152,292,25,25,164.0,304.0,480.0
33,7,152,292,25,25,164.0,304.0,480.0
34,7,152,292,25,25,164.0,304.0,480.0
35,7,152,292,25,25,164.0,304.0,480.0
0,34,443,47,23,23,454.0,58.0,404.0
1,34,443,47,23,23,454.0,58.0,404.0
2,34,444,47,23,23,455.0,58.0,404.0
3,34,444,47,23,23,455.0,58.0,404.0
4,34,447,50,23,23,458.0,61.0,404.0
5,34,450,50,23,23,461.0,61.0,404.0
6,34,450,50,23,23,461.0,61.0,404.0
7,34,450,50,23,23,461.0,61.0,404.0
8,34,450,50,23,23,461.0,61.0,404.0
9,34,459,55,19,19,468.0,64.0,276.0
10,34,455,50,19,19,464.0,59.0,276.0
11,34,452,50,19,19,461.0,59.0,276.0
12,34,457,52,19,19,466.0,61.0,276.0
13,34,455,53,19,19,464.0,62.0,276.0
14,34,451,55,19,19,460.0,64.0,276.0
15,34,454,56,19,19,463.0,65.0,276.0
16,34,456,55,19,19,465.0,64.0,276.0
17,34,450,51,19,21,459.0,61.0,312.0
18,34,452,52,19,19,461.0,61.0,276.0
19,34,456,53,19,19,465.0,62.0,276.0
20,34,451,48,19,19,460.0,57.0,276.0
21,34,453,54,19,19,462.0,63.0,276.0
22,34,449,46,19,19,458.0,55.0,276.0
23,34,452,50,19,19,461.0,59.0,276.0
24,34,454,59,19,19,463.0,68.0,276.0
25,34,448,46,19,19,457.0,55.0,276.0
26,34,451,49,20,19,460.5,58.0,294.0
27,34,448,57,19,19,457.0,66.0,276.0
28,34,452,60,19,19,461.0,69.0,276.0
29,34,455,62,19,19,464.0,71.0,276.0
30,34,448,45,19,19,457.0,54.0,276.0
31,34,454,64,19,19,463.0,73.0,276.0
32,34,451,52,19,19,460.0,61.0,276.0
33,34,448,52,19,19,457.0,61.0,276.0
0,1,140,181,29,29,154.0,195.0,654.0
1,1,140,181,29,29,154.0,195.0,654.0
2,1,140,182,29,29,154.0,196.0,654.0
3,1,141,183,29,29,155.0,197.0,654.0
4,1,141,183,29,29,155.0,197.0,654.0
5,1,142,183,29,29,156.0,197.0,654.0
6,1,142,185,29,29,156.0,199.0,654.0
7,1,142,185,29,29,156.0,199.0,654.0
8,1,142,185,29,29,156.0,199.0,654.0
9,1,142,185,29,29,156.0,199.0,654.0
10,1,142,185,29,29,156.0,199.0,654.0
11,1,142,185,29,29,156.0,199.0,654.0
12,1,142,185,29,29,156.0,199.0,654.0
13,1,142,185,29,29,156.0,199.0,654.0
14,1,142,185,29,29,156.0,199.0,654.0
15,1,145,187,29,29,159.0,201.0,654.0
16,1,145,187,29,29,159.0,201.0,654.0
17,1,145,187,29,29,159.0,201.0,654.0
18,1,145,187,29,29,159.0,201.0,654.0
19,1,145,187,29,29,159.0,201.0,654.0
20,1,145,187,29,29,159.0,201.0,654.0
21,1,145,187,29,29,159.0,201.0,654.0
22,1,145,187,29,29,159.0,201.0,654.0
23,1,145,187,29,29,159.0,201.0,654.0
24,1,145,187,29,29,159.0,201.0,654.0
25,1,145,187,29,29,159.0,201.0,654.0
26,1,145,187,29,29,159.0,201.0,654.0
27,1,145,187,29,29,159.0,201.0,654.0
28,1,145,187,29,29,159.0,201.0,654.0
29,1,145,187,29,29,159.0,201.0,654.0
60,28,423,341,23,23,434.0,352.0,404.0
61,28,423,341,23,23,434.0,352.0,404.0
62,28,423,341,23,23,434.0,352.0,404.0
63,28,423,341,23,23,434.0,352.0,404.0
64,28,419,351,23,23,430.0,362.0,404.0
65,28,418,353,23,23,429.0,364.0,404.0
66,28,418,353,23,23,429.0,364.0,404.0
67,28,420,354,23,23,431.0,365.0,404.0
68,28,420,354,23,23,431.0,365.0,404.0
69,28,417,364,23,23,428.0,375.0,404.0
70,28,417,364,23,23,428.0,375.0,404.0
71,28,417,364,23,23,428.0,375.0,404.0
72,28,431,353,23,23,442.0,364.0,404.0
73,28,431,353,23,23,442.0,364.0,404.0
74,28,430,355,23,23,441.0,366.0,404.0
75,28,418,369,23,23,429.0,380.0,404.0
76,28,418,369,23,23,429.0,380.0,404.0
77,28,418,369,23,23,429.0,380.0,404.0
78,28,419,364,23,23,430.0,375.0,404.0
79,28,419,364,23,23,430.0,375.0,404.0
80,28,425,365,23,23,436.0,376.0,404.0
81,28,425,365,23,23,436.0,376.0,404.0
82,28,408,373,23,23,419.0,384.0,404.0
83,28,408,373,23,23,419.0,384.0,404.0
60,30,430,269,23,23,441.0,280.0,404.0
61,30,438,261,23,23,449.0,272.0,404.0
62,30,438,261,23,23,449.0,272.0,404.0
63,30,430,250,23,23,441.0,261.0,404.0
64,30,430,250,23,23,441.0,261.0,404.0
65,30,439,252,23,23,450.0,263.0,404.0
66,30,439,252,23,23,450.0,263.0,404.0
67,30,439,252,23,23,450.0,263.0,404.0
68,30,439,252,23,23,450.0,263.0,404.0
69,30,443,275,23,23,454.0,286.0,404.0
70,30,442,257,23,23,453.0,268.0,404.0
71,30,442,256,23,23,453.0,267.0,404.0
72,30,418,248,23,23,429.0,259.0,404.0
73,30,427,255,24,26,438.54375,267.4770833333333,480.0
74,30,433,265,24,23,444.5,276.0,426.0
75,30,446,269,23,23,457.0,280.0,404.0
76,30,446,269,23,23,457.0,280.0,404.0
77,30,442,257,23,23,453.0,268.0,404.0
78,30,442,257,23,23,453.0,268.0,404.0
79,30,442,257,23,23,453.0,268.0,404.0
80,30,442,257,23,23,453.0,268.0,404.0
81,30,444,264,23,23,455.0,275.0,404.0
82,30,444,264,23,23,455.0,275.0,404.0
83,30,444,265,23,23,455.0,276.0,404.0
0,15,59,363,25,25,71.0,375.0,480.0
1,15,59,363,25,25,71.0,375.0,480.0
2,15,59,363,25,25,71.0,375.0,480.0
3,15,59,363,25,25,71.0,375.0,480.0
4,15,59,363,25,25,71.0,375.0,480.0
5,15,59,363,25,25,71.0,375.0,480.0
6,15,59,363,25,25,71.0,375.0,480.0
7,15,59,363,25,25,71.0,375.0,480.0
8,15,59,363,25,25,71.0,375.0,480.0
9,15,59,363,25,25,71.0,375.0,480.0
10,15,59,363,25,25,71.0,375.0,480.0
11,15,59,363,25,25,71.0,375.0,480.0
12,15,59,363,25,25,71.0,375.0,480.0
13,15,59,363,25,25,71.0,375.0,480.0
14,15,59,363,25,25,71.0,375.0,480.0
15,15,59,363,25,25,71.0,375.0,480.0
16,15,59,363,25,25,71.0,375.0,480.0
17,15,59,363,25,25,71.0,375.0,480.0
18,15,59,363,25,25,71.0,375.0,480.0
19,15,59,363,25,25,71.0,375.0,480.0
20,15,59,363,25,25,71.0,375.0,480.0
21,15,59,363,25,25,71.0,375.0,480.0
62,14,316,117,25,25,328.0,129.0,480.0
63,14,318,107,28,25,331.5,119.0,552.0
64,14,332,89,26,25,344.5,101.0,504.0
65,14,333,89,25,25,345.0,101.0,480.0
66,14,333,89,25,25,345.0,101.0,480.0
67,14,334,101,25,25,346.0,113.0,480.0
68,14,352,87,25,25,364.0,99.0,480.0
69,14,355,76,26,25,367.5,88.0,504.0
70,14,356,76,25,25,368.0,88.0,480.0
71,14,345,75,25,25,357.0,87.0,480.0
72,14,334,74,25,25,346.0,86.0,480.0
73,14,332,73,25,25,344.0,85.0,480.0
74,14,350,89,29,25,364.0,101.0,576.0
75,14,343,95,25,25,355.0,107.0,480.0
76,14,331,95,25,25,343.0,107.0,480.0
77,14,345,101,25,25,357.0,113.0,480.0
78,14,348,96,25,25,360.0,108.0,480.0
79,14,376,72,25,25,388.0,84.0,480.0
80,14,376,72,25,25,388.0,84.0,480.0
81,14,345,72,25,25,357.0,84.0,480.0
82,14,326,95,25,25,338.0,107.0,480.0
83,14,341,105,26,25,353.5,117.0,504.0
64,36,258,48,23,23,269.0,59.0,404.0
65,36,257,45,23,23,268.0,56.0,404.0
66,36,246,45,23,23,257.0,56.0,404.0
67,36,246,45,23,23,257.0,56.0,404.0
68,36,246,45,23,23,257.0,56.0,404.0
69,36,246,46,23,23,257.0,57.0,404.0
70,36,249,49,23,23,260.0,60.0,404.0
71,36,249,56,23,23,260.0,67.0,404.0
72,36,243,59,23,23,254.0,70.0,404.0
73,36,243,59,23,23,254.0,70.0,404.0
74,36,243,60,23,23,254.0,71.0,404.0
75,36,248,64,23,23,259.0,75.0,404.0
76,36,248,64,23,23,259.0,75.0,404.0
77,36,248,64,23,23,259.0,75.0,404.0
78,36,250,69,23,23,261.0,80.0,404.0
79,36,250,69,23,23,261.0,80.0,404.0
80,36,250,76,23,23,261.0,87.0,404.0
81,36,250,72,23,23,261.0,83.0,404.0
82,36,250,72,23,23,261.0,83.0,404.0
83,36,250,72,23,23,261.0,83.0,404.0
65,39,165,43,19,19,174.0,52.0,276.0
66,39,177,43,19,19,186.0,52.0,276.0
67,39,173,41,19,19,182.0,50.0,276.0
68,39,179,43,19,19,188.0,52.0,276.0
69,39,182,45,19,19,191.0,54.0,276.0
70,39,168,44,19,19,177.0,53.0,276.0
71,39,175,43,19,19,184.0,52.0,276.0
72,39,172,43,19,19,181.0,52.0,276.0
73,39,179,46,19,19,188.0,55.0,276.0
74,39,172,45,19,19,181.0,54.0,276.0
75,39,175,45,19,19,184.0,54.0,276.0
76,39,172,42,20,19,181.5,51.0,294.0
77,39,176,52,19,19,185.0,61.0,276.0
78,39,179,43,19,19,188.0,52.0,276.0
79,39,175,53,19,19,184.0,62.0,276.0
80,39,174,43,19,19,183.0,52.0,276.0
81,39,169,44,19,19,178.0,53.0,276.0
82,39,164,49,19,19,173.0,58.0,276.0
83,39,156,54,19,19,165.0,63.0,276.0
66,24,277,336,23,23,288.0,347.0,404.0
67,24,277,336,23,23,288.0,347.0,404.0
68,24,282,338,23,23,293.0,349.0,404.0
69,24,302,339,23,23,313.0,350.0,404.0
70,24,301,329,23,23,312.0,340.0,404.0
71,24,300,341,23,23,311.0,352.0,404.0
72,24,300,341,23,23,311.0,352.0,404.0
73,24,300,341,23,23,311.0,352.0,404.0
74,24,300,341,23,23,311.0,352.0,404.0
75,24,299,325,23,23,310.0,336.0,404.0
76,24,299,325,23,23,310.0,336.0,404.0
77,24,293,336,23,23,304.0,347.0,404.0
78,24,290,340,24,23,301.5,351.0,426.0
79,24,290,340,23,23,301.0,351.0,404.0
80,24,289,338,23,23,300.0,349.0,404.0
81,24,297,333,24,24,308.5,344.5,436.0
82,24,298,333,23,23,309.0,344.0,404.0
83,24,296,347,23,23,307.0,358.0,404.0
66,26,309,282,23,23,320.0,293.0,404.0
67,26,304,275,23,23,315.0,286.0,404.0
68,26,299,267,23,23,310.0,278.0,404.0
69,26,279,255,23,23,290.0,266.0,404.0
70,26,271,262,23,23,282.0,273.0,404.0
71,26,300,262,23,23,311.0,273.0,404.0
72,26,300,262,23,23,311.0,273.0,404.0
73,26,292,276,23,23,303.0,287.0,404.0
74,26,278,263,23,23,289.0,274.0,404.0
75,26,303,239,23,23,314.0,250.0,404.0
76,26,303,231,23,23,314.0,242.0,404.0
77,26,299,259,23,23,310.0,270.0,404.0
78,26,295,260,23,23,306.0,271.0,404.0
79,26,308,253,23,23,319.0,264.0,404.0
80,26,311,252,23,23,322.0,263.0,404.0
81,26,311,243,23,23,322.0,254.0,404.0
82,26,267,245,23,23,278.0,256.0,404.0
83,26,267,250,23,23,278.0,261.0,404.0
57,56,443,50,9,9,447.0,54.0,56.0
58,56,440,46,19,19,449.0,55.0,276.0
59,56,412,45,19,19,421.0,54.0,276.0
60,56,408,44,19,19,417.0,53.0,276.0
61,56,408,44,19,19,417.0,53.0,276.0
62,56,408,57,19,19,417.0,66.0,276.0
63,56,448,42,19,19,457.0,51.0,276.0
64,56,447,44,19,19,456.0,53.0,276.0
65,56,447,42,19,19,456.0,51.0,276.0
66,56,429,44,19,19,438.0,53.0,276.0
67,56,414,37,19,19,423.0,46.0,276.0
68,56,437,40,19,19,446.0,49.0,276.0
69,56,445,41,19,19,454.0,50.0,276.0
0,19,179,405,25,25,191.0,417.0,480.0
1,19,179,405,25,25,191.0,417.0,480.0
2,19,179,405,25,25,191.0,417.0,480.0
3,19,179,405,25,25,191.0,417.0,480.0
4,19,179,405,25,25,191.0,417.0,480.0
5,19,179,405,25,25,191.0,417.0,480.0
6,19,179,405,25,25,191.0,417.0,480.0
7,19,179,405,25,25,191.0,417.0,480.0
8,19,179,405,25,25,191.0,417.0,480.0
9,19,179,405,25,25,191.0,417.0,480.0
10,19,179,405,25,25,191.0,417.0,480.0
69,6,443,113,27,27,456.0,126.0,570.0
70,6,443,113,27,27,456.0,126.0,570.0
71,6,440,110,27,27,453.0,123.0,570.0
72,6,434,90,27,27,447.0,103.0,570.0
73,6,438,79,28,27,451.5,92.0,596.0
74,6,455,84,25,25,467.0,96.0,480.0
75,6,451,95,25,25,463.0,107.0,480.0
76,6,448,97,25,25,460.0,109.0,480.0
34,54,414,51,9,9,418.0,55.0,56.0
35,54,414,51,9,9,418.0,55.0,56.0
36,54,415,51,9,9,419.0,55.0,56.0
37,54,425,53,9,9,429.0,57.0,56.0
38,54,452,55,9,9,456.0,59.0,56.0
39,54,444,55,9,9,448.0,59.0,56.0
40,54,443,57,9,9,447.0,61.0,56.0
41,54,434,66,9,9,438.0,70.0,56.0
77,40,225,43,19,19,234.0,52.0,276.0
78,40,224,43,19,19,233.0,52.0,276.0
79,40,212,47,19,19,221.0,56.0,276.0
80,40,211,42,19,19,220.0,51.0,276.0
81,40,211,41,19,19,220.0,50.0,276.0
82,40,205,49,19,19,214.0,58.0,276.0
83,40,205,45,19,19,214.0,54.0,276.0
71,38,414,43,19,19,423.0,52.0,276.0
72,38,412,45,19,19,421.0,54.0,276.0
73,38,402,45,19,19,411.0,54.0,276.0
74,38,416,37,19,19,425.0,46.0,276.0
75,38,427,44,19,19,436.0,53.0,276.0
64,35,326,40,19,19,335.0,49.0,276.0
65,35,324,34,19,19,333.0,43.0,276.0
66,35,310,42,19,19,319.0,51.0,276.0
67,35,314,45,19,19,323.0,54.0,276.0
74,41,225,39,19,19,234.0,48.0,276.0
75,41,212,37,19,19,221.0,46.0,276.0
76,42,375,40,19,19,384.0,49.0,276.0
83,43,311,41,19,19,320.0,50.0,276.0
83,44,391,45,19,19,400.0,54.0,276.0
9,52,347,53,9,9,351.0,57.0,56.0
51,55,443,52,9,9,447.0,56.0,56.0
62,12,325,180,25,25,337.0,192.0,480.0
63,12,338,177,26,25,350.5,189.0,504.0
64,12,339,177,25,25,351.0,189.0,480.0
65,12,352,179,27,25,365.0,191.0,528.0
66,12,355,178,25,25,367.0,190.0,480.0
67,12,355,178,25,25,367.0,190.0,480.0
68,12,363,178,27,25,376.0,190.0,528.0
69,12,374,174,25,25,386.0,186.0,480.0
70,12,380,171,25,25,392.0,183.0,480.0
71,12,317,151,28,25,330.5,163.0,552.0
72,12,336,156,25,25,348.0,168.0,480.0
73,12,370,172,25,25,382.0,184.0,480.0
74,12,376,177,25,25,388.0,189.0,480.0
75,12,399,170,25,25,411.0,182.0,480.0
76,12,396,170,25,25,408.0,182.0,480.0
77,12,396,170,25,25,408.0,182.0,480.0
78,12,388,165,25,25,400.0,177.0,480.0
79,12,344,176,26,26,356.5,188.5,516.0
80,12,358,169,25,25,370.0,181.0,480.0
81,12,365,166,26,25,377.5,178.0,504.0
82,12,373,162,25,26,385.0,174.5,504.0
83,12,365,191,25,26,377.0,203.5,504.0
0,5,309,134,27,27,322.0,147.0,570.0
1,5,309,114,27,27,322.0,127.0,570.0
2,5,350,123,27,27,363.0,136.0,570.0
3,5,347,118,27,27,360.0,131.0,570.0
4,5,305,99,27,27,318.0,112.0,570.0
5,5,305,99,27,27,318.0,112.0,570.0
6,5,307,104,29,28,321.0,117.5,635.0
7,5,293,99,27,27,306.0,112.0,570.0
8,5,293,99,27,27,306.0,112.0,570.0
9,5,293,99,27,27,306.0,112.0,570.0
10,5,301,100,30,27,315.5,113.0,648.0
11,5,288,108,27,27,301.0,121.0,570.0
12,5,283,108,27,27,296.0,121.0,570.0
13,5,283,108,27,27,296.0,121.0,570.0
14,5,283,108,27,27,296.0,121.0,570.0
15,5,299,106,28,27,312.5,119.0,596.0
16,5,300,106,31,27,315.0,119.0,674.0
17,5,309,106,27,27,322.0,119.0,570.0
18,5,319,106,27,27,332.0,119.0,570.0
19,5,319,106,27,27,332.0,119.0,570.0
20,5,358,120,27,27,371.0,133.0,570.0
21,5,363,108,28,27,376.5,121.0,596.0
22,5,365,108,27,27,378.0,121.0,570.0
23,5,365,113,27,27,378.0,126.0,570.0
24,5,360,118,27,27,373.0,131.0,570.0
25,5,375,116,30,27,389.5,129.0,648.0
26,5,378,116,27,27,391.0,129.0,570.0
27,5,375,127,27,27,388.0,140.0,570.0
28,5,372,132,27,27,385.0,145.0,570.0
29,5,372,120,27,27,385.0,133.0,570.0
30,5,371,120,27,27,384.0,133.0,570.0
31,5,354,120,28,27,367.5,133.0,596.0
32,5,349,114,30,27,363.5,127.0,648.0
33,5,383,97,27,27,396.0,110.0,570.0
34,5,383,97,27,27,396.0,110.0,570.0
35,5,383,97,27,27,396.0,110.0,570.0
36,5,376,104,27,28,389.0,117.5,596.0
37,5,386,106,27,27,399.0,119.0,570.0
38,5,386,106,27,27,399.0,119.0,570.0
39,5,386,108,27,27,399.0,121.0,570.0
40,5,386,108,27,27,399.0,121.0,570.0
41,5,386,108,27,27,399.0,121.0,570.0
42,5,408,105,27,27,421.0,118.0,570.0
43,5,433,100,28,27,446.5,113.0,596.0
44,5,437,101,28,27,450.5,114.0,596.0
45,5,445,123,27,27,458.0,136.0,570.0
46,5,445,127,27,27,458.0,140.0,570.0
47,5,438,108,27,27,451.0,121.0,570.0
48,5,438,91,27,27,451.0,104.0,570.0
49,5,439,91,28,27,452.5,104.0,596.0
50,5,441,94,27,27,454.0,107.0,570.0
51,5,442,95,28,29,455.5394944707741,108.98104265402844,633.0
52,5,443,97,27,27,456.0,110.0,570.0
53,5,443,97,27,28,456.0,110.5,596.0
54,5,441,86,27,27,454.0,99.0,570.0
55,5,434,85,27,27,447.0,98.0,570.0
56,5,434,85,27,27,447.0,98.0,570.0
57,5,417,112,28,28,430.61711345789325,125.38288654210668,615.5
58,5,421,137,27,27,434.0,150.0,570.0
59,5,418,140,27,27,431.0,153.0,570.0
60,5,419,141,27,27,432.0,154.0,570.0
61,5,419,141,27,27,432.0,154.0,570.0
62,5,440,141,30,27,454.5,154.0,648.0
63,5,448,141,27,27,461.0,154.0,570.0
64,5,434,141,27,27,447.0,154.0,570.0
65,5,438,130,27,27,451.0,143.0,570.0
66,5,438,130,27,27,451.0,143.0,570.0
67,5,433,112,29,27,447.0,125.0,622.0
68,5,441,98,28,27,454.5,111.0,596.0
